camera,segment,kind,frame,model,n,score,mean,x1,y1,x2,y2
zenbook,close,rgb,rgb/rgb00.ppm,short,1,0.9211,136.1,193,153,508,468
zenbook,close,rgb,rgb/rgb00.ppm,full,1,0.6414,136.1,182,125,520,463
zenbook,close,rgb,rgb/rgb01.ppm,short,1,0.9271,135.7,191,147,510,466
zenbook,close,rgb,rgb/rgb01.ppm,full,1,0.7806,135.7,192,123,509,440
zenbook,close,rgb,rgb/rgb02.ppm,short,1,0.9266,136.9,189,146,515,472
zenbook,close,rgb,rgb/rgb02.ppm,full,1,0.7059,136.9,184,126,520,462
zenbook,close,rgb,rgb/rgb03.ppm,short,1,0.9358,136.8,192,147,510,465
zenbook,close,rgb,rgb/rgb03.ppm,full,1,0.7271,136.8,185,128,517,460
zenbook,close,rgb,rgb/rgb04.ppm,short,1,0.9316,136.8,195,146,513,464
zenbook,close,rgb,rgb/rgb04.ppm,full,1,0.6864,136.8,182,119,520,457
zenbook,close,rgb,rgb/rgb05.ppm,short,1,0.9339,137.2,191,148,511,468
zenbook,close,rgb,rgb/rgb05.ppm,full,1,0.6926,137.2,181,119,520,458
zenbook,close,rgb,rgb/rgb06.ppm,short,1,0.9334,137.4,193,145,511,463
zenbook,close,rgb,rgb/rgb06.ppm,full,1,0.7146,137.4,181,118,520,457
zenbook,close,rgb,rgb/rgb07.ppm,short,1,0.9276,137.7,193,145,514,466
zenbook,close,rgb,rgb/rgb07.ppm,full,1,0.7146,137.7,181,117,521,457
zenbook,close,ir,ir/frame00.pgm,short,1,0.8160,146.8,157,121,443,407
zenbook,close,ir,ir/frame00.pgm,full,1,0.6797,146.8,135,92,434,391
zenbook,close,ir,ir/frame01.pgm,short,0,,5.8,,,,
zenbook,close,ir,ir/frame01.pgm,full,0,,5.8,,,,
zenbook,close,ir,ir/frame02.pgm,short,1,0.8214,145.6,156,120,443,407
zenbook,close,ir,ir/frame02.pgm,full,1,0.6848,145.6,136,92,435,391
zenbook,close,ir,ir/frame03.pgm,short,0,,6.0,,,,
zenbook,close,ir,ir/frame03.pgm,full,0,,6.0,,,,
zenbook,close,ir,ir/frame04.pgm,short,1,0.8323,136.6,158,123,442,407
zenbook,close,ir,ir/frame04.pgm,full,1,0.6942,136.6,136,93,434,391
zenbook,close,ir,ir/frame05.pgm,short,0,,5.7,,,,
zenbook,close,ir,ir/frame05.pgm,full,0,,5.7,,,,
zenbook,close,ir,ir/frame06.pgm,short,1,0.8391,123.5,162,124,443,405
zenbook,close,ir,ir/frame06.pgm,full,1,0.7040,123.5,136,92,435,391
zenbook,close,ir,ir/frame07.pgm,short,0,,5.3,,,,
zenbook,close,ir,ir/frame07.pgm,full,0,,5.3,,,,
zenbook,close,ir,ir/frame08.pgm,short,1,0.8959,112.5,162,126,439,403
zenbook,close,ir,ir/frame08.pgm,full,1,0.6876,112.5,138,95,440,397
zenbook,close,ir,ir/frame09.pgm,short,0,,4.8,,,,
zenbook,close,ir,ir/frame09.pgm,full,0,,4.8,,,,
zenbook,close,ir,ir/frame10.pgm,short,1,0.9212,98.8,160,128,433,401
zenbook,close,ir,ir/frame10.pgm,full,1,0.7314,98.8,138,95,440,397
zenbook,close,ir,ir/frame11.pgm,short,0,,4.3,,,,
zenbook,close,ir,ir/frame11.pgm,full,0,,4.3,,,,
zenbook,close,ir,ir/frame12.pgm,short,1,0.9366,86.8,161,127,432,398
zenbook,close,ir,ir/frame12.pgm,full,1,0.8130,86.8,144,106,441,403
zenbook,close,ir,ir/frame13.pgm,short,0,,3.9,,,,
zenbook,close,ir,ir/frame13.pgm,full,0,,3.9,,,,
zenbook,close,ir,ir/frame14.pgm,short,1,0.9472,78.5,159,127,430,397
zenbook,close,ir,ir/frame14.pgm,full,1,0.7788,78.5,142,106,439,403
zenbook,close,ir,ir/frame15.pgm,short,0,,3.5,,,,
zenbook,close,ir,ir/frame15.pgm,full,0,,3.5,,,,
zenbook,close,ir,ir/frame16.pgm,short,1,0.9569,67.2,158,128,430,400
zenbook,close,ir,ir/frame16.pgm,full,1,0.7966,67.2,146,109,437,400
zenbook,close,ir,ir/frame17.pgm,short,0,,3.3,,,,
zenbook,close,ir,ir/frame17.pgm,full,0,,3.3,,,,
zenbook,close,ir,ir/frame18.pgm,short,1,0.9593,63.9,159,128,430,399
zenbook,close,ir,ir/frame18.pgm,full,1,0.8102,63.9,145,108,438,401
zenbook,close,ir,ir/frame19.pgm,short,0,,3.1,,,,
zenbook,close,ir,ir/frame19.pgm,full,0,,3.1,,,,
zenbook,close,ir,ir/frame20.pgm,short,1,0.9594,60.4,160,129,430,399
zenbook,close,ir,ir/frame20.pgm,full,1,0.8144,60.4,147,109,437,399
zenbook,close,ir,ir/frame21.pgm,short,0,,3.0,,,,
zenbook,close,ir,ir/frame21.pgm,full,0,,3.0,,,,
zenbook,close,ir,ir/frame22.pgm,short,1,0.9588,59.2,160,128,431,399
zenbook,close,ir,ir/frame22.pgm,full,1,0.7983,59.2,147,110,436,399
zenbook,close,ir,ir/frame23.pgm,short,0,,2.9,,,,
zenbook,close,ir,ir/frame23.pgm,full,0,,2.9,,,,
zenbook,far,rgb,rgb/rgb00.ppm,short,1,0.7575,148.0,261,256,362,357
zenbook,far,rgb,rgb/rgb00.ppm,full,1,0.9409,148.0,277,260,366,349
zenbook,far,rgb,rgb/rgb01.ppm,short,1,0.8441,149.7,268,264,361,357
zenbook,far,rgb,rgb/rgb01.ppm,full,1,0.9352,149.7,276,260,365,349
zenbook,far,rgb,rgb/rgb02.ppm,short,1,0.8150,150.3,267,264,361,358
zenbook,far,rgb,rgb/rgb02.ppm,full,1,0.9431,150.3,277,264,366,353
zenbook,far,rgb,rgb/rgb03.ppm,short,1,0.8364,149.4,268,265,361,358
zenbook,far,rgb,rgb/rgb03.ppm,full,1,0.9408,149.4,277,263,368,354
zenbook,far,rgb,rgb/rgb04.ppm,short,1,0.8197,149.5,266,264,364,362
zenbook,far,rgb,rgb/rgb04.ppm,full,1,0.9329,149.5,276,262,368,354
zenbook,far,rgb,rgb/rgb05.ppm,short,1,0.7512,149.7,266,266,362,362
zenbook,far,rgb,rgb/rgb05.ppm,full,1,0.9448,149.7,275,263,367,355
zenbook,far,rgb,rgb/rgb06.ppm,short,1,0.8119,149.7,268,262,362,356
zenbook,far,rgb,rgb/rgb06.ppm,full,1,0.9490,149.7,275,263,368,356
zenbook,far,rgb,rgb/rgb07.ppm,short,1,0.7817,149.8,268,265,365,362
zenbook,far,rgb,rgb/rgb07.ppm,full,1,0.9469,149.8,275,261,370,356
zenbook,far,ir,ir/frame00.pgm,short,0,,16.5,,,,
zenbook,far,ir,ir/frame00.pgm,full,1,0.8165,16.5,245,218,344,317
zenbook,far,ir,ir/frame01.pgm,short,0,,3.6,,,,
zenbook,far,ir,ir/frame01.pgm,full,0,,3.6,,,,
zenbook,far,ir,ir/frame02.pgm,short,0,,17.3,,,,
zenbook,far,ir,ir/frame02.pgm,full,1,0.8061,17.3,244,217,345,318
zenbook,far,ir,ir/frame03.pgm,short,0,,6.0,,,,
zenbook,far,ir,ir/frame03.pgm,full,0,,6.0,,,,
zenbook,far,ir,ir/frame04.pgm,short,0,,21.9,,,,
zenbook,far,ir,ir/frame04.pgm,full,1,0.8599,21.9,247,221,344,318
zenbook,far,ir,ir/frame05.pgm,short,0,,8.1,,,,
zenbook,far,ir,ir/frame05.pgm,full,0,,8.1,,,,
zenbook,far,ir,ir/frame06.pgm,short,0,,28.9,,,,
zenbook,far,ir,ir/frame06.pgm,full,1,0.8384,28.9,255,232,342,319
zenbook,far,ir,ir/frame07.pgm,short,0,,11.8,,,,
zenbook,far,ir,ir/frame07.pgm,full,0,,11.8,,,,
zenbook,far,ir,ir/frame08.pgm,short,0,,41.7,,,,
zenbook,far,ir,ir/frame08.pgm,full,1,0.8047,41.7,256,233,341,318
zenbook,far,ir,ir/frame09.pgm,short,0,,16.0,,,,
zenbook,far,ir,ir/frame09.pgm,full,0,,16.0,,,,
zenbook,far,ir,ir/frame10.pgm,short,0,,54.8,,,,
zenbook,far,ir,ir/frame10.pgm,full,1,0.7772,54.8,257,234,340,317
zenbook,far,ir,ir/frame11.pgm,short,0,,17.6,,,,
zenbook,far,ir,ir/frame11.pgm,full,0,,17.6,,,,
zenbook,far,ir,ir/frame12.pgm,short,0,,57.3,,,,
zenbook,far,ir,ir/frame12.pgm,full,1,0.8015,57.3,257,234,341,318
zenbook,far,ir,ir/frame13.pgm,short,0,,19.0,,,,
zenbook,far,ir,ir/frame13.pgm,full,0,,19.0,,,,
zenbook,far,ir,ir/frame14.pgm,short,0,,59.9,,,,
zenbook,far,ir,ir/frame14.pgm,full,1,0.8157,59.9,257,234,340,317
zenbook,far,ir,ir/frame15.pgm,short,0,,20.3,,,,
zenbook,far,ir,ir/frame15.pgm,full,0,,20.3,,,,
zenbook,far,ir,ir/frame16.pgm,short,0,,62.9,,,,
zenbook,far,ir,ir/frame16.pgm,full,1,0.8192,62.9,257,234,340,317
zenbook,far,ir,ir/frame17.pgm,short,0,,21.4,,,,
zenbook,far,ir,ir/frame17.pgm,full,0,,21.4,,,,
zenbook,far,ir,ir/frame18.pgm,short,0,,65.7,,,,
zenbook,far,ir,ir/frame18.pgm,full,1,0.8144,65.7,258,235,340,317
zenbook,far,ir,ir/frame19.pgm,short,0,,22.6,,,,
zenbook,far,ir,ir/frame19.pgm,full,0,,22.6,,,,
zenbook,far,ir,ir/frame20.pgm,short,0,,68.7,,,,
zenbook,far,ir,ir/frame20.pgm,full,1,0.8344,68.7,257,234,341,318
zenbook,far,ir,ir/frame21.pgm,short,0,,23.2,,,,
zenbook,far,ir,ir/frame21.pgm,full,0,,23.2,,,,
zenbook,far,ir,ir/frame22.pgm,short,0,,69.7,,,,
zenbook,far,ir,ir/frame22.pgm,full,1,0.8335,69.7,257,234,340,317
zenbook,far,ir,ir/frame23.pgm,short,0,,23.5,,,,
zenbook,far,ir,ir/frame23.pgm,full,0,,23.5,,,,
zenbook,frontal,rgb,rgb/rgb00.ppm,short,1,0.9385,146.7,289,184,466,361
zenbook,frontal,rgb,rgb/rgb00.ppm,full,1,0.9060,146.7,288,167,473,352
zenbook,frontal,rgb,rgb/rgb01.ppm,short,1,0.9203,148.0,289,183,465,359
zenbook,frontal,rgb,rgb/rgb01.ppm,full,1,0.9217,148.0,285,165,474,354
zenbook,frontal,rgb,rgb/rgb02.ppm,short,1,0.9335,147.5,288,181,467,360
zenbook,frontal,rgb,rgb/rgb02.ppm,full,1,0.9403,147.5,286,164,471,349
zenbook,frontal,rgb,rgb/rgb03.ppm,short,1,0.9411,147.1,286,183,464,361
zenbook,frontal,rgb,rgb/rgb03.ppm,full,1,0.9160,147.1,285,163,471,349
zenbook,frontal,rgb,rgb/rgb04.ppm,short,1,0.9489,147.2,286,184,464,362
zenbook,frontal,rgb,rgb/rgb04.ppm,full,1,0.9173,147.2,284,165,472,353
zenbook,frontal,rgb,rgb/rgb05.ppm,short,1,0.9507,147.3,287,183,463,359
zenbook,frontal,rgb,rgb/rgb05.ppm,full,1,0.9173,147.3,284,166,472,354
zenbook,frontal,rgb,rgb/rgb06.ppm,short,1,0.9465,147.2,286,183,463,360
zenbook,frontal,rgb,rgb/rgb06.ppm,full,1,0.9302,147.2,284,167,470,353
zenbook,frontal,rgb,rgb/rgb07.ppm,short,1,0.9459,147.4,287,185,464,362
zenbook,frontal,rgb,rgb/rgb07.ppm,full,1,0.9412,147.4,284,168,470,353
zenbook,frontal,ir,ir/frame00.pgm,short,1,0.9479,32.9,254,166,409,321
zenbook,frontal,ir,ir/frame00.pgm,full,1,0.8844,32.9,252,154,410,312
zenbook,frontal,ir,ir/frame01.pgm,short,0,,1.8,,,,
zenbook,frontal,ir,ir/frame01.pgm,full,0,,1.8,,,,
zenbook,frontal,ir,ir/frame02.pgm,short,1,0.9494,35.0,255,166,410,321
zenbook,frontal,ir,ir/frame02.pgm,full,1,0.8813,35.0,252,154,410,312
zenbook,frontal,ir,ir/frame03.pgm,short,0,,3.1,,,,
zenbook,frontal,ir,ir/frame03.pgm,full,0,,3.1,,,,
zenbook,frontal,ir,ir/frame04.pgm,short,1,0.9549,46.6,254,166,410,322
zenbook,frontal,ir,ir/frame04.pgm,full,1,0.8541,46.6,252,155,410,313
zenbook,frontal,ir,ir/frame05.pgm,short,0,,4.8,,,,
zenbook,frontal,ir,ir/frame05.pgm,full,0,,4.8,,,,
zenbook,frontal,ir,ir/frame06.pgm,short,1,0.9573,63.3,252,167,410,325
zenbook,frontal,ir,ir/frame06.pgm,full,1,0.8807,63.3,251,154,411,314
zenbook,frontal,ir,ir/frame07.pgm,short,0,,5.7,,,,
zenbook,frontal,ir,ir/frame07.pgm,full,0,,5.7,,,,
zenbook,frontal,ir,ir/frame08.pgm,short,1,0.9599,65.9,254,168,410,324
zenbook,frontal,ir,ir/frame08.pgm,full,1,0.8791,65.9,251,154,410,313
zenbook,frontal,ir,ir/frame09.pgm,short,0,,6.1,,,,
zenbook,frontal,ir,ir/frame09.pgm,full,0,,6.1,,,,
zenbook,frontal,ir,ir/frame10.pgm,short,1,0.9595,66.5,253,167,410,324
zenbook,frontal,ir,ir/frame10.pgm,full,1,0.8693,66.5,251,154,411,314
zenbook,frontal,ir,ir/frame11.pgm,short,0,,6.3,,,,
zenbook,frontal,ir,ir/frame11.pgm,full,0,,6.3,,,,
zenbook,frontal,ir,ir/frame12.pgm,short,1,0.9581,66.8,253,168,409,324
zenbook,frontal,ir,ir/frame12.pgm,full,1,0.8627,66.8,251,154,410,313
zenbook,frontal,ir,ir/frame13.pgm,short,0,,6.5,,,,
zenbook,frontal,ir,ir/frame13.pgm,full,0,,6.5,,,,
zenbook,frontal,ir,ir/frame14.pgm,short,1,0.9573,66.8,253,167,410,324
zenbook,frontal,ir,ir/frame14.pgm,full,1,0.8711,66.8,251,154,411,314
zenbook,frontal,ir,ir/frame15.pgm,short,0,,6.8,,,,
zenbook,frontal,ir,ir/frame15.pgm,full,0,,6.8,,,,
zenbook,frontal,ir,ir/frame16.pgm,short,1,0.9552,68.2,253,167,410,324
zenbook,frontal,ir,ir/frame16.pgm,full,1,0.8550,68.2,251,154,410,313
zenbook,frontal,ir,ir/frame17.pgm,short,0,,7.0,,,,
zenbook,frontal,ir,ir/frame17.pgm,full,0,,7.0,,,,
zenbook,frontal,ir,ir/frame18.pgm,short,1,0.9550,68.8,253,167,410,324
zenbook,frontal,ir,ir/frame18.pgm,full,1,0.8443,68.8,251,154,410,313
zenbook,frontal,ir,ir/frame19.pgm,short,0,,7.1,,,,
zenbook,frontal,ir,ir/frame19.pgm,full,0,,7.1,,,,
zenbook,frontal,ir,ir/frame20.pgm,short,1,0.9542,69.0,252,167,409,324
zenbook,frontal,ir,ir/frame20.pgm,full,1,0.8427,69.0,251,155,410,314
zenbook,frontal,ir,ir/frame21.pgm,short,0,,7.2,,,,
zenbook,frontal,ir,ir/frame21.pgm,full,0,,7.2,,,,
zenbook,frontal,ir,ir/frame22.pgm,short,1,0.9530,69.2,253,167,409,323
zenbook,frontal,ir,ir/frame22.pgm,full,1,0.8476,69.2,251,155,410,314
zenbook,frontal,ir,ir/frame23.pgm,short,0,,7.3,,,,
zenbook,frontal,ir,ir/frame23.pgm,full,0,,7.3,,,,
zenbook,glasses-on,rgb,rgb/rgb00.ppm,short,1,0.9471,170.7,268,183,418,333
zenbook,glasses-on,rgb,rgb/rgb00.ppm,full,1,0.8297,170.7,269,171,423,325
zenbook,glasses-on,rgb,rgb/rgb01.ppm,short,1,0.9448,172.8,269,182,418,331
zenbook,glasses-on,rgb,rgb/rgb01.ppm,full,1,0.7872,172.8,268,171,423,326
zenbook,glasses-on,rgb,rgb/rgb02.ppm,short,1,0.9558,166.1,267,181,417,331
zenbook,glasses-on,rgb,rgb/rgb02.ppm,full,1,0.8427,166.1,261,171,413,323
zenbook,glasses-on,rgb,rgb/rgb03.ppm,short,1,0.9479,161.5,266,185,417,336
zenbook,glasses-on,rgb,rgb/rgb03.ppm,full,1,0.8005,161.5,260,173,411,324
zenbook,glasses-on,rgb,rgb/rgb04.ppm,short,1,0.9538,161.6,269,185,420,336
zenbook,glasses-on,rgb,rgb/rgb04.ppm,full,1,0.8204,161.6,270,177,420,327
zenbook,glasses-on,rgb,rgb/rgb05.ppm,short,1,0.9425,162.0,269,186,417,334
zenbook,glasses-on,rgb,rgb/rgb05.ppm,full,1,0.8357,162.0,269,174,421,326
zenbook,glasses-on,rgb,rgb/rgb06.ppm,short,1,0.9412,162.7,270,184,419,333
zenbook,glasses-on,rgb,rgb/rgb06.ppm,full,1,0.7982,162.7,267,170,420,323
zenbook,glasses-on,rgb,rgb/rgb07.ppm,short,1,0.9509,162.4,271,184,422,335
zenbook,glasses-on,rgb,rgb/rgb07.ppm,full,1,0.8635,162.4,270,171,424,325
zenbook,glasses-on,ir,ir/frame00.pgm,short,1,0.9063,96.2,251,169,377,295
zenbook,glasses-on,ir,ir/frame00.pgm,full,1,0.8668,96.2,243,156,376,289
zenbook,glasses-on,ir,ir/frame01.pgm,short,0,,17.7,,,,
zenbook,glasses-on,ir,ir/frame01.pgm,full,0,,17.7,,,,
zenbook,glasses-on,ir,ir/frame02.pgm,short,1,0.9137,94.5,249,167,378,296
zenbook,glasses-on,ir,ir/frame02.pgm,full,1,0.8853,94.5,242,155,376,289
zenbook,glasses-on,ir,ir/frame03.pgm,short,0,,18.5,,,,
zenbook,glasses-on,ir,ir/frame03.pgm,full,0,,18.5,,,,
zenbook,glasses-on,ir,ir/frame04.pgm,short,1,0.9133,93.1,249,166,378,295
zenbook,glasses-on,ir,ir/frame04.pgm,full,1,0.9013,93.1,241,154,376,289
zenbook,glasses-on,ir,ir/frame05.pgm,short,0,,18.9,,,,
zenbook,glasses-on,ir,ir/frame05.pgm,full,0,,18.9,,,,
zenbook,glasses-on,ir,ir/frame06.pgm,short,1,0.9118,92.0,249,166,378,295
zenbook,glasses-on,ir,ir/frame06.pgm,full,1,0.9051,92.0,241,154,376,289
zenbook,glasses-on,ir,ir/frame07.pgm,short,0,,19.1,,,,
zenbook,glasses-on,ir,ir/frame07.pgm,full,0,,19.1,,,,
zenbook,glasses-on,ir,ir/frame08.pgm,short,1,0.9066,91.3,249,165,379,295
zenbook,glasses-on,ir,ir/frame08.pgm,full,1,0.9085,91.3,241,154,376,289
zenbook,glasses-on,ir,ir/frame09.pgm,short,0,,19.2,,,,
zenbook,glasses-on,ir,ir/frame09.pgm,full,0,,19.2,,,,
zenbook,glasses-on,ir,ir/frame10.pgm,short,1,0.9243,90.6,247,166,372,291
zenbook,glasses-on,ir,ir/frame10.pgm,full,1,0.9314,90.6,241,154,376,289
zenbook,glasses-on,ir,ir/frame11.pgm,short,0,,19.3,,,,
zenbook,glasses-on,ir,ir/frame11.pgm,full,0,,19.3,,,,
zenbook,glasses-on,ir,ir/frame12.pgm,short,1,0.9301,90.1,247,168,371,292
zenbook,glasses-on,ir,ir/frame12.pgm,full,1,0.8932,90.1,240,153,377,290
zenbook,glasses-on,ir,ir/frame13.pgm,short,0,,19.4,,,,
zenbook,glasses-on,ir,ir/frame13.pgm,full,0,,19.4,,,,
zenbook,glasses-on,ir,ir/frame14.pgm,short,1,0.9279,89.5,247,168,372,293
zenbook,glasses-on,ir,ir/frame14.pgm,full,1,0.8657,89.5,240,154,376,290
zenbook,glasses-on,ir,ir/frame15.pgm,short,0,,19.5,,,,
zenbook,glasses-on,ir,ir/frame15.pgm,full,0,,19.5,,,,
zenbook,glasses-on,ir,ir/frame16.pgm,short,1,0.9188,89.1,246,166,373,293
zenbook,glasses-on,ir,ir/frame16.pgm,full,1,0.8822,89.1,240,154,376,290
zenbook,glasses-on,ir,ir/frame17.pgm,short,0,,19.5,,,,
zenbook,glasses-on,ir,ir/frame17.pgm,full,0,,19.5,,,,
zenbook,glasses-on,ir,ir/frame18.pgm,short,1,0.9236,88.6,246,166,372,292
zenbook,glasses-on,ir,ir/frame18.pgm,full,1,0.8706,88.6,240,154,376,290
zenbook,glasses-on,ir,ir/frame19.pgm,short,0,,19.6,,,,
zenbook,glasses-on,ir,ir/frame19.pgm,full,0,,19.6,,,,
zenbook,glasses-on,ir,ir/frame20.pgm,short,1,0.9201,88.0,244,165,372,293
zenbook,glasses-on,ir,ir/frame20.pgm,full,1,0.8655,88.0,237,152,372,287
zenbook,glasses-on,ir,ir/frame21.pgm,short,0,,19.7,,,,
zenbook,glasses-on,ir,ir/frame21.pgm,full,0,,19.7,,,,
zenbook,glasses-on,ir,ir/frame22.pgm,short,1,0.9266,87.5,245,169,371,295
zenbook,glasses-on,ir,ir/frame22.pgm,full,1,0.8528,87.5,238,153,372,286
zenbook,glasses-on,ir,ir/frame23.pgm,short,0,,19.7,,,,
zenbook,glasses-on,ir,ir/frame23.pgm,full,0,,19.7,,,,
zenbook,sweep,rgb,rgb/rgb00.ppm,short,1,0.9462,173.0,262,190,411,339
zenbook,sweep,rgb,rgb/rgb00.ppm,full,1,0.8967,173.0,258,172,413,327
zenbook,sweep,rgb,rgb/rgb01.ppm,short,1,0.9517,173.7,255,190,408,343
zenbook,sweep,rgb,rgb/rgb01.ppm,full,1,0.9394,173.7,254,173,412,331
zenbook,sweep,rgb,rgb/rgb02.ppm,short,1,0.9386,173.9,267,188,417,338
zenbook,sweep,rgb,rgb/rgb02.ppm,full,1,0.8322,173.9,277,173,429,325
zenbook,sweep,rgb,rgb/rgb03.ppm,short,1,0.9461,173.6,297,194,435,332
zenbook,sweep,rgb,rgb/rgb03.ppm,full,1,0.8536,173.6,310,180,457,327
zenbook,sweep,rgb,rgb/rgb04.ppm,short,1,0.9644,172.7,317,192,451,326
zenbook,sweep,rgb,rgb/rgb04.ppm,full,1,0.8639,172.7,333,181,479,327
zenbook,sweep,rgb,rgb/rgb05.ppm,short,1,0.9236,172.4,323,193,458,328
zenbook,sweep,rgb,rgb/rgb05.ppm,full,1,0.8534,172.4,342,188,482,327
zenbook,sweep,rgb,rgb/rgb06.ppm,short,1,0.9547,172.6,322,191,453,322
zenbook,sweep,rgb,rgb/rgb06.ppm,full,1,0.8227,172.6,338,184,480,326
zenbook,sweep,rgb,rgb/rgb07.ppm,short,1,0.9458,173.7,295,189,434,328
zenbook,sweep,rgb,rgb/rgb07.ppm,full,1,0.8692,173.7,312,178,462,328
zenbook,sweep,ir,ir/frame00.pgm,short,1,0.8990,82.3,260,173,384,297
zenbook,sweep,ir,ir/frame00.pgm,full,1,0.8906,82.3,270,161,403,294
zenbook,sweep,ir,ir/frame01.pgm,short,0,,18.5,,,,
zenbook,sweep,ir,ir/frame01.pgm,full,0,,18.5,,,,
zenbook,sweep,ir,ir/frame02.pgm,short,1,0.9099,94.2,258,174,385,301
zenbook,sweep,ir,ir/frame02.pgm,full,1,0.8945,94.2,269,160,404,295
zenbook,sweep,ir,ir/frame03.pgm,short,0,,18.3,,,,
zenbook,sweep,ir,ir/frame03.pgm,full,0,,18.3,,,,
zenbook,sweep,ir,ir/frame04.pgm,short,1,0.8968,87.7,257,174,384,301
zenbook,sweep,ir,ir/frame04.pgm,full,1,0.8975,87.7,266,161,400,295
zenbook,sweep,ir,ir/frame05.pgm,short,0,,18.4,,,,
zenbook,sweep,ir,ir/frame05.pgm,full,0,,18.4,,,,
zenbook,sweep,ir,ir/frame06.pgm,short,1,0.8811,86.7,251,175,379,303
zenbook,sweep,ir,ir/frame06.pgm,full,1,0.8575,86.7,260,160,395,295
zenbook,sweep,ir,ir/frame07.pgm,short,0,,18.4,,,,
zenbook,sweep,ir,ir/frame07.pgm,full,0,,18.4,,,,
zenbook,sweep,ir,ir/frame08.pgm,short,1,0.9034,85.9,248,173,378,303
zenbook,sweep,ir,ir/frame08.pgm,full,1,0.9137,85.9,256,157,391,292
zenbook,sweep,ir,ir/frame09.pgm,short,0,,18.4,,,,
zenbook,sweep,ir,ir/frame09.pgm,full,0,,18.4,,,,
zenbook,sweep,ir,ir/frame10.pgm,short,1,0.9180,85.1,247,172,380,305
zenbook,sweep,ir,ir/frame10.pgm,full,1,0.9376,85.1,253,157,388,292
zenbook,sweep,ir,ir/frame11.pgm,short,0,,18.5,,,,
zenbook,sweep,ir,ir/frame11.pgm,full,0,,18.5,,,,
zenbook,sweep,ir,ir/frame12.pgm,short,1,0.9261,84.5,246,173,377,304
zenbook,sweep,ir,ir/frame12.pgm,full,1,0.9086,84.5,248,159,384,295
zenbook,sweep,ir,ir/frame13.pgm,short,0,,18.5,,,,
zenbook,sweep,ir,ir/frame13.pgm,full,0,,18.5,,,,
zenbook,sweep,ir,ir/frame14.pgm,short,1,0.9281,83.9,244,172,377,305
zenbook,sweep,ir,ir/frame14.pgm,full,1,0.8534,83.9,244,156,381,293
zenbook,sweep,ir,ir/frame15.pgm,short,0,,18.5,,,,
zenbook,sweep,ir,ir/frame15.pgm,full,0,,18.5,,,,
zenbook,sweep,ir,ir/frame16.pgm,short,1,0.9376,83.3,245,174,373,302
zenbook,sweep,ir,ir/frame16.pgm,full,1,0.9114,83.3,241,156,377,292
zenbook,sweep,ir,ir/frame17.pgm,short,0,,18.5,,,,
zenbook,sweep,ir,ir/frame17.pgm,full,0,,18.5,,,,
zenbook,sweep,ir,ir/frame18.pgm,short,1,0.9417,82.8,245,173,369,297
zenbook,sweep,ir,ir/frame18.pgm,full,1,0.8968,82.8,239,155,375,291
zenbook,sweep,ir,ir/frame19.pgm,short,0,,18.6,,,,
zenbook,sweep,ir,ir/frame19.pgm,full,0,,18.6,,,,
zenbook,sweep,ir,ir/frame20.pgm,short,1,0.9449,82.4,244,174,369,299
zenbook,sweep,ir,ir/frame20.pgm,full,1,0.9168,82.4,237,156,373,292
zenbook,sweep,ir,ir/frame21.pgm,short,0,,18.6,,,,
zenbook,sweep,ir,ir/frame21.pgm,full,0,,18.6,,,,
zenbook,sweep,ir,ir/frame22.pgm,short,1,0.9372,82.0,242,174,368,300
zenbook,sweep,ir,ir/frame22.pgm,full,1,0.8671,82.0,232,156,368,292
zenbook,sweep,ir,ir/frame23.pgm,short,0,,18.8,,,,
zenbook,sweep,ir,ir/frame23.pgm,full,0,,18.8,,,,
nexigo,close,rgb,rgb/rgb00.ppm,short,1,0.9123,149.2,180,159,457,436
nexigo,close,rgb,rgb/rgb00.ppm,full,1,0.9250,149.2,182,143,464,425
nexigo,close,rgb,rgb/rgb01.ppm,short,1,0.9306,149.5,185,158,459,432
nexigo,close,rgb,rgb/rgb01.ppm,full,1,0.8983,149.5,184,144,460,420
nexigo,close,rgb,rgb/rgb02.ppm,short,1,0.9259,149.8,181,157,457,433
nexigo,close,rgb,rgb/rgb02.ppm,full,1,0.9154,149.8,185,145,461,421
nexigo,close,rgb,rgb/rgb03.ppm,short,1,0.9362,149.6,185,160,447,422
nexigo,close,rgb,rgb/rgb03.ppm,full,1,0.8972,149.6,181,139,461,419
nexigo,close,rgb,rgb/rgb04.ppm,short,1,0.9422,149.8,187,161,451,425
nexigo,close,rgb,rgb/rgb04.ppm,full,1,0.8839,149.8,182,145,457,420
nexigo,close,rgb,rgb/rgb05.ppm,short,1,0.9343,149.8,183,160,452,429
nexigo,close,rgb,rgb/rgb05.ppm,full,1,0.8916,149.8,181,139,460,418
nexigo,close,rgb,rgb/rgb06.ppm,short,1,0.9356,149.6,181,160,452,431
nexigo,close,rgb,rgb/rgb06.ppm,full,1,0.8680,149.6,182,148,457,423
nexigo,close,rgb,rgb/rgb07.ppm,short,1,0.9496,149.2,188,162,456,430
nexigo,close,rgb,rgb/rgb07.ppm,full,1,0.8713,149.2,176,142,456,422
nexigo,close,ir,ir/frame00.pgm,short,0,,4.1,,,,
nexigo,close,ir,ir/frame00.pgm,full,0,,4.1,,,,
nexigo,close,ir,ir/frame01.pgm,short,1,0.8090,106.4,250,101,489,340
nexigo,close,ir,ir/frame01.pgm,full,1,0.6729,106.4,235,78,505,348
nexigo,close,ir,ir/frame02.pgm,short,0,,4.1,,,,
nexigo,close,ir,ir/frame02.pgm,full,0,,4.1,,,,
nexigo,close,ir,ir/frame03.pgm,short,1,0.7982,96.4,247,100,489,342
nexigo,close,ir,ir/frame03.pgm,full,1,0.7142,96.4,236,78,505,347
nexigo,close,ir,ir/frame04.pgm,short,0,,2.6,,,,
nexigo,close,ir,ir/frame04.pgm,full,0,,2.6,,,,
nexigo,close,ir,ir/frame05.pgm,short,1,0.7796,95.5,241,94,491,344
nexigo,close,ir,ir/frame05.pgm,full,1,0.7665,95.5,238,78,510,350
nexigo,close,ir,ir/frame06.pgm,short,0,,2.6,,,,
nexigo,close,ir,ir/frame06.pgm,full,0,,2.6,,,,
nexigo,close,ir,ir/frame07.pgm,short,1,0.7789,95.0,256,101,492,337
nexigo,close,ir,ir/frame07.pgm,full,1,0.7918,95.0,245,79,508,342
nexigo,close,ir,ir/frame08.pgm,short,0,,2.6,,,,
nexigo,close,ir,ir/frame08.pgm,full,0,,2.6,,,,
nexigo,close,ir,ir/frame09.pgm,short,1,0.7506,94.3,254,95,490,331
nexigo,close,ir,ir/frame09.pgm,full,1,0.8005,94.3,243,78,509,344
nexigo,close,ir,ir/frame10.pgm,short,0,,2.6,,,,
nexigo,close,ir,ir/frame10.pgm,full,0,,2.6,,,,
nexigo,close,ir,ir/frame11.pgm,short,1,0.7167,93.6,256,101,487,332
nexigo,close,ir,ir/frame11.pgm,full,1,0.8320,93.6,239,76,510,347
nexigo,close,ir,ir/frame12.pgm,short,0,,2.6,,,,
nexigo,close,ir,ir/frame12.pgm,full,0,,2.6,,,,
nexigo,close,ir,ir/frame13.pgm,short,1,0.7358,93.2,263,104,489,330
nexigo,close,ir,ir/frame13.pgm,full,1,0.8192,93.2,238,74,511,347
nexigo,close,ir,ir/frame14.pgm,short,0,,2.6,,,,
nexigo,close,ir,ir/frame14.pgm,full,0,,2.6,,,,
nexigo,close,ir,ir/frame15.pgm,short,1,0.7548,87.1,247,97,493,343
nexigo,close,ir,ir/frame15.pgm,full,1,0.8340,87.1,240,76,509,345
nexigo,close,ir,ir/frame16.pgm,short,0,,2.1,,,,
nexigo,close,ir,ir/frame16.pgm,full,0,,2.1,,,,
nexigo,close,ir,ir/frame17.pgm,short,1,0.8286,80.4,239,101,492,354
nexigo,close,ir,ir/frame17.pgm,full,1,0.7530,80.4,238,80,510,352
nexigo,close,ir,ir/frame18.pgm,short,0,,1.7,,,,
nexigo,close,ir,ir/frame18.pgm,full,0,,1.7,,,,
nexigo,close,ir,ir/frame19.pgm,short,1,0.8936,77.8,242,103,489,350
nexigo,close,ir,ir/frame19.pgm,full,1,0.8136,77.8,239,81,509,351
nexigo,close,ir,ir/frame20.pgm,short,0,,1.5,,,,
nexigo,close,ir,ir/frame20.pgm,full,0,,1.5,,,,
nexigo,close,ir,ir/frame21.pgm,short,1,0.9306,73.1,248,102,485,339
nexigo,close,ir,ir/frame21.pgm,full,1,0.8217,73.1,237,80,509,352
nexigo,close,ir,ir/frame22.pgm,short,0,,1.2,,,,
nexigo,close,ir,ir/frame22.pgm,full,0,,1.2,,,,
nexigo,close,ir,ir/frame23.pgm,short,1,0.9442,68.5,243,102,483,342
nexigo,close,ir,ir/frame23.pgm,full,1,0.7881,68.5,236,81,503,348
nexigo,far,rgb,rgb/rgb00.ppm,short,0,,106.7,,,,
nexigo,far,rgb,rgb/rgb00.ppm,full,1,0.8866,106.7,265,181,351,267
nexigo,far,rgb,rgb/rgb01.ppm,short,0,,104.6,,,,
nexigo,far,rgb,rgb/rgb01.ppm,full,1,0.9046,104.6,265,184,352,271
nexigo,far,rgb,rgb/rgb02.ppm,short,0,,104.1,,,,
nexigo,far,rgb,rgb/rgb02.ppm,full,1,0.9024,104.1,265,184,352,271
nexigo,far,rgb,rgb/rgb03.ppm,short,0,,104.1,,,,
nexigo,far,rgb,rgb/rgb03.ppm,full,1,0.8944,104.1,266,184,352,270
nexigo,far,rgb,rgb/rgb04.ppm,short,0,,104.0,,,,
nexigo,far,rgb,rgb/rgb04.ppm,full,1,0.8920,104.0,268,184,355,271
nexigo,far,rgb,rgb/rgb05.ppm,short,0,,103.9,,,,
nexigo,far,rgb,rgb/rgb05.ppm,full,1,0.8725,103.9,269,184,356,271
nexigo,far,rgb,rgb/rgb06.ppm,short,0,,103.9,,,,
nexigo,far,rgb,rgb/rgb06.ppm,full,1,0.8670,103.9,269,183,356,270
nexigo,far,rgb,rgb/rgb07.ppm,short,0,,103.7,,,,
nexigo,far,rgb,rgb/rgb07.ppm,full,1,0.8529,103.7,269,183,356,270
nexigo,far,ir,ir/frame00.pgm,short,0,,3.5,,,,
nexigo,far,ir,ir/frame00.pgm,full,0,,3.5,,,,
nexigo,far,ir,ir/frame01.pgm,short,0,,20.3,,,,
nexigo,far,ir,ir/frame01.pgm,full,1,0.9468,20.3,294,128,376,210
nexigo,far,ir,ir/frame02.pgm,short,0,,3.5,,,,
nexigo,far,ir,ir/frame02.pgm,full,0,,3.5,,,,
nexigo,far,ir,ir/frame03.pgm,short,0,,30.6,,,,
nexigo,far,ir,ir/frame03.pgm,full,1,0.9548,30.6,293,129,375,211
nexigo,far,ir,ir/frame04.pgm,short,0,,5.4,,,,
nexigo,far,ir,ir/frame04.pgm,full,0,,5.4,,,,
nexigo,far,ir,ir/frame05.pgm,short,0,,41.0,,,,
nexigo,far,ir,ir/frame05.pgm,full,1,0.9585,41.0,292,128,376,212
nexigo,far,ir,ir/frame06.pgm,short,0,,7.4,,,,
nexigo,far,ir,ir/frame06.pgm,full,0,,7.4,,,,
nexigo,far,ir,ir/frame07.pgm,short,0,,54.1,,,,
nexigo,far,ir,ir/frame07.pgm,full,1,0.9614,54.1,293,128,377,212
nexigo,far,ir,ir/frame08.pgm,short,0,,9.7,,,,
nexigo,far,ir,ir/frame08.pgm,full,0,,9.7,,,,
nexigo,far,ir,ir/frame09.pgm,short,0,,60.4,,,,
nexigo,far,ir,ir/frame09.pgm,full,1,0.9595,60.4,293,128,376,211
nexigo,far,ir,ir/frame10.pgm,short,0,,11.0,,,,
nexigo,far,ir,ir/frame10.pgm,full,0,,11.0,,,,
nexigo,far,ir,ir/frame11.pgm,short,0,,64.2,,,,
nexigo,far,ir,ir/frame11.pgm,full,1,0.9611,64.2,293,128,377,212
nexigo,far,ir,ir/frame12.pgm,short,0,,11.7,,,,
nexigo,far,ir,ir/frame12.pgm,full,0,,11.7,,,,
nexigo,far,ir,ir/frame13.pgm,short,0,,68.0,,,,
nexigo,far,ir,ir/frame13.pgm,full,1,0.9638,68.0,293,128,376,211
nexigo,far,ir,ir/frame14.pgm,short,0,,12.5,,,,
nexigo,far,ir,ir/frame14.pgm,full,0,,12.5,,,,
nexigo,far,ir,ir/frame15.pgm,short,0,,71.7,,,,
nexigo,far,ir,ir/frame15.pgm,full,1,0.9643,71.7,293,129,377,213
nexigo,far,ir,ir/frame16.pgm,short,0,,13.2,,,,
nexigo,far,ir,ir/frame16.pgm,full,0,,13.2,,,,
nexigo,far,ir,ir/frame17.pgm,short,0,,75.2,,,,
nexigo,far,ir,ir/frame17.pgm,full,1,0.9678,75.2,292,128,377,213
nexigo,far,ir,ir/frame18.pgm,short,0,,13.9,,,,
nexigo,far,ir,ir/frame18.pgm,full,0,,13.9,,,,
nexigo,far,ir,ir/frame19.pgm,short,0,,78.8,,,,
nexigo,far,ir,ir/frame19.pgm,full,1,0.9666,78.8,293,130,376,213
nexigo,far,ir,ir/frame20.pgm,short,0,,14.8,,,,
nexigo,far,ir,ir/frame20.pgm,full,0,,14.8,,,,
nexigo,far,ir,ir/frame21.pgm,short,0,,78.5,,,,
nexigo,far,ir,ir/frame21.pgm,full,1,0.9698,78.5,293,128,377,212
nexigo,far,ir,ir/frame22.pgm,short,0,,14.8,,,,
nexigo,far,ir,ir/frame22.pgm,full,0,,14.8,,,,
nexigo,far,ir,ir/frame23.pgm,short,0,,81.8,,,,
nexigo,far,ir,ir/frame23.pgm,full,1,0.9703,81.8,292,128,378,214
nexigo,frontal,rgb,rgb/rgb00.ppm,short,1,0.9491,119.2,256,202,410,356
nexigo,frontal,rgb,rgb/rgb00.ppm,full,1,0.9565,119.2,262,192,410,340
nexigo,frontal,rgb,rgb/rgb01.ppm,short,1,0.9653,119.4,248,195,398,345
nexigo,frontal,rgb,rgb/rgb01.ppm,full,1,0.9443,119.4,251,185,399,333
nexigo,frontal,rgb,rgb/rgb02.ppm,short,1,0.9542,119.5,250,195,397,342
nexigo,frontal,rgb,rgb/rgb02.ppm,full,1,0.9601,119.5,251,183,398,330
nexigo,frontal,rgb,rgb/rgb03.ppm,short,1,0.9637,119.7,252,196,399,343
nexigo,frontal,rgb,rgb/rgb03.ppm,full,1,0.9654,119.7,250,184,399,333
nexigo,frontal,rgb,rgb/rgb04.ppm,short,1,0.9624,119.2,251,195,399,343
nexigo,frontal,rgb,rgb/rgb04.ppm,full,1,0.9588,119.2,252,184,398,330
nexigo,frontal,rgb,rgb/rgb05.ppm,short,1,0.9650,119.1,250,195,398,343
nexigo,frontal,rgb,rgb/rgb05.ppm,full,1,0.9543,119.1,252,185,400,333
nexigo,frontal,rgb,rgb/rgb06.ppm,short,1,0.9661,119.1,249,194,400,345
nexigo,frontal,rgb,rgb/rgb06.ppm,full,1,0.9434,119.1,253,185,401,333
nexigo,frontal,rgb,rgb/rgb07.ppm,short,1,0.9702,119.2,251,196,401,346
nexigo,frontal,rgb,rgb/rgb07.ppm,full,1,0.9450,119.2,252,185,400,333
nexigo,frontal,ir,ir/frame00.pgm,short,0,,5.9,,,,
nexigo,frontal,ir,ir/frame00.pgm,full,0,,5.9,,,,
nexigo,frontal,ir,ir/frame01.pgm,short,1,0.9364,67.2,283,141,427,285
nexigo,frontal,ir,ir/frame01.pgm,full,1,0.9038,67.2,282,127,429,274
nexigo,frontal,ir,ir/frame02.pgm,short,0,,5.9,,,,
nexigo,frontal,ir,ir/frame02.pgm,full,0,,5.9,,,,
nexigo,frontal,ir,ir/frame03.pgm,short,1,0.9321,55.7,282,140,426,284
nexigo,frontal,ir,ir/frame03.pgm,full,1,0.8851,55.7,282,126,430,274
nexigo,frontal,ir,ir/frame04.pgm,short,0,,3.9,,,,
nexigo,frontal,ir,ir/frame04.pgm,full,0,,3.9,,,,
nexigo,frontal,ir,ir/frame05.pgm,short,1,0.9326,54.8,282,140,426,284
nexigo,frontal,ir,ir/frame05.pgm,full,1,0.8902,54.8,282,126,430,274
nexigo,frontal,ir,ir/frame06.pgm,short,0,,3.9,,,,
nexigo,frontal,ir,ir/frame06.pgm,full,0,,3.9,,,,
nexigo,frontal,ir,ir/frame07.pgm,short,1,0.9376,54.5,281,139,426,284
nexigo,frontal,ir,ir/frame07.pgm,full,1,0.8882,54.5,282,126,429,273
nexigo,frontal,ir,ir/frame08.pgm,short,0,,3.9,,,,
nexigo,frontal,ir,ir/frame08.pgm,full,0,,3.9,,,,
nexigo,frontal,ir,ir/frame09.pgm,short,1,0.9313,54.0,282,140,427,285
nexigo,frontal,ir,ir/frame09.pgm,full,1,0.8977,54.0,282,126,429,273
nexigo,frontal,ir,ir/frame10.pgm,short,0,,3.9,,,,
nexigo,frontal,ir,ir/frame10.pgm,full,0,,3.9,,,,
nexigo,frontal,ir,ir/frame11.pgm,short,1,0.9392,53.6,282,138,426,282
nexigo,frontal,ir,ir/frame11.pgm,full,1,0.8779,53.6,283,127,429,273
nexigo,frontal,ir,ir/frame12.pgm,short,0,,3.9,,,,
nexigo,frontal,ir,ir/frame12.pgm,full,0,,3.9,,,,
nexigo,frontal,ir,ir/frame13.pgm,short,1,0.9454,53.4,283,140,426,283
nexigo,frontal,ir,ir/frame13.pgm,full,1,0.8949,53.4,282,127,428,273
nexigo,frontal,ir,ir/frame14.pgm,short,0,,3.9,,,,
nexigo,frontal,ir,ir/frame14.pgm,full,0,,3.9,,,,
nexigo,frontal,ir,ir/frame15.pgm,short,1,0.9387,53.2,282,139,426,283
nexigo,frontal,ir,ir/frame15.pgm,full,1,0.8902,53.2,282,127,429,274
nexigo,frontal,ir,ir/frame16.pgm,short,0,,3.9,,,,
nexigo,frontal,ir,ir/frame16.pgm,full,0,,3.9,,,,
nexigo,frontal,ir,ir/frame17.pgm,short,1,0.9381,52.9,282,141,426,285
nexigo,frontal,ir,ir/frame17.pgm,full,1,0.8841,52.9,282,126,429,273
nexigo,frontal,ir,ir/frame18.pgm,short,0,,3.9,,,,
nexigo,frontal,ir,ir/frame18.pgm,full,0,,3.9,,,,
nexigo,frontal,ir,ir/frame19.pgm,short,1,0.9461,52.8,282,140,424,282
nexigo,frontal,ir,ir/frame19.pgm,full,1,0.8856,52.8,283,127,429,273
nexigo,frontal,ir,ir/frame20.pgm,short,0,,3.9,,,,
nexigo,frontal,ir,ir/frame20.pgm,full,0,,3.9,,,,
nexigo,frontal,ir,ir/frame21.pgm,short,1,0.9386,52.5,282,140,427,285
nexigo,frontal,ir,ir/frame21.pgm,full,1,0.8790,52.5,282,126,430,274
nexigo,frontal,ir,ir/frame22.pgm,short,0,,3.9,,,,
nexigo,frontal,ir,ir/frame22.pgm,full,0,,3.9,,,,
nexigo,frontal,ir,ir/frame23.pgm,short,1,0.9408,52.4,283,141,424,282
nexigo,frontal,ir,ir/frame23.pgm,full,1,0.8945,52.4,282,125,430,273
nexigo,glasses-on,rgb,rgb/rgb00.ppm,short,1,0.9426,117.1,277,209,422,354
nexigo,glasses-on,rgb,rgb/rgb00.ppm,full,1,0.9658,117.1,273,194,423,344
nexigo,glasses-on,rgb,rgb/rgb01.ppm,short,1,0.9326,117.6,274,208,421,355
nexigo,glasses-on,rgb,rgb/rgb01.ppm,full,1,0.9557,117.6,268,193,420,345
nexigo,glasses-on,rgb,rgb/rgb02.ppm,short,1,0.9435,117.6,272,209,417,354
nexigo,glasses-on,rgb,rgb/rgb02.ppm,full,1,0.9585,117.6,271,196,423,348
nexigo,glasses-on,rgb,rgb/rgb03.ppm,short,1,0.9371,117.7,271,208,420,357
nexigo,glasses-on,rgb,rgb/rgb03.ppm,full,1,0.9581,117.7,269,196,420,347
nexigo,glasses-on,rgb,rgb/rgb04.ppm,short,1,0.9371,117.7,271,207,421,357
nexigo,glasses-on,rgb,rgb/rgb04.ppm,full,1,0.9536,117.7,267,194,421,348
nexigo,glasses-on,rgb,rgb/rgb05.ppm,short,1,0.9460,117.6,271,208,419,356
nexigo,glasses-on,rgb,rgb/rgb05.ppm,full,1,0.9672,117.6,269,195,423,349
nexigo,glasses-on,rgb,rgb/rgb06.ppm,short,1,0.9419,117.6,275,210,420,355
nexigo,glasses-on,rgb,rgb/rgb06.ppm,full,1,0.9720,117.6,272,197,425,350
nexigo,glasses-on,rgb,rgb/rgb07.ppm,short,1,0.9321,117.6,278,209,424,355
nexigo,glasses-on,rgb,rgb/rgb07.ppm,full,1,0.9603,117.6,272,198,424,350
nexigo,glasses-on,ir,ir/frame00.pgm,short,0,,6.2,,,,
nexigo,glasses-on,ir,ir/frame00.pgm,full,0,,6.2,,,,
nexigo,glasses-on,ir,ir/frame01.pgm,short,1,0.9319,69.7,308,148,445,285
nexigo,glasses-on,ir,ir/frame01.pgm,full,1,0.8760,69.7,306,133,450,277
nexigo,glasses-on,ir,ir/frame02.pgm,short,0,,6.1,,,,
nexigo,glasses-on,ir,ir/frame02.pgm,full,0,,6.1,,,,
nexigo,glasses-on,ir,ir/frame03.pgm,short,1,0.9511,58.8,310,144,441,275
nexigo,glasses-on,ir,ir/frame03.pgm,full,1,0.9424,58.8,306,129,453,276
nexigo,glasses-on,ir,ir/frame04.pgm,short,0,,4.0,,,,
nexigo,glasses-on,ir,ir/frame04.pgm,full,0,,4.0,,,,
nexigo,glasses-on,ir,ir/frame05.pgm,short,1,0.9398,58.7,309,143,440,274
nexigo,glasses-on,ir,ir/frame05.pgm,full,1,0.9705,58.7,304,126,450,272
nexigo,glasses-on,ir,ir/frame06.pgm,short,0,,4.0,,,,
nexigo,glasses-on,ir,ir/frame06.pgm,full,0,,4.0,,,,
nexigo,glasses-on,ir,ir/frame07.pgm,short,1,0.9508,55.3,307,144,442,279
nexigo,glasses-on,ir,ir/frame07.pgm,full,1,0.9620,55.3,303,128,451,276
nexigo,glasses-on,ir,ir/frame08.pgm,short,0,,3.7,,,,
nexigo,glasses-on,ir,ir/frame08.pgm,full,0,,3.7,,,,
nexigo,glasses-on,ir,ir/frame09.pgm,short,1,0.9442,54.6,304,145,443,284
nexigo,glasses-on,ir,ir/frame09.pgm,full,1,0.9343,54.6,303,133,448,278
nexigo,glasses-on,ir,ir/frame10.pgm,short,0,,3.7,,,,
nexigo,glasses-on,ir,ir/frame10.pgm,full,0,,3.7,,,,
nexigo,glasses-on,ir,ir/frame11.pgm,short,1,0.9303,53.8,306,146,438,278
nexigo,glasses-on,ir,ir/frame11.pgm,full,1,0.9060,53.8,304,132,449,277
nexigo,glasses-on,ir,ir/frame12.pgm,short,0,,3.7,,,,
nexigo,glasses-on,ir,ir/frame12.pgm,full,0,,3.7,,,,
nexigo,glasses-on,ir,ir/frame13.pgm,short,1,0.9439,53.3,307,146,442,281
nexigo,glasses-on,ir,ir/frame13.pgm,full,1,0.9176,53.3,303,132,448,277
nexigo,glasses-on,ir,ir/frame14.pgm,short,1,0.6041,3.7,122,39,269,186
nexigo,glasses-on,ir,ir/frame14.pgm,full,0,,3.7,,,,
nexigo,glasses-on,ir,ir/frame15.pgm,short,1,0.9406,52.8,307,148,440,281
nexigo,glasses-on,ir,ir/frame15.pgm,full,1,0.9129,52.8,304,132,448,276
nexigo,glasses-on,ir,ir/frame16.pgm,short,0,,3.7,,,,
nexigo,glasses-on,ir,ir/frame16.pgm,full,0,,3.7,,,,
nexigo,glasses-on,ir,ir/frame17.pgm,short,1,0.9391,52.5,310,149,441,280
nexigo,glasses-on,ir,ir/frame17.pgm,full,1,0.9137,52.5,304,132,449,277
nexigo,glasses-on,ir,ir/frame18.pgm,short,0,,3.7,,,,
nexigo,glasses-on,ir,ir/frame18.pgm,full,0,,3.7,,,,
nexigo,glasses-on,ir,ir/frame19.pgm,short,1,0.9369,52.2,307,146,438,277
nexigo,glasses-on,ir,ir/frame19.pgm,full,1,0.9139,52.2,304,133,447,276
nexigo,glasses-on,ir,ir/frame20.pgm,short,0,,3.8,,,,
nexigo,glasses-on,ir,ir/frame20.pgm,full,0,,3.8,,,,
nexigo,glasses-on,ir,ir/frame21.pgm,short,1,0.9266,51.7,311,153,436,278
nexigo,glasses-on,ir,ir/frame21.pgm,full,1,0.9371,51.7,306,135,447,276
nexigo,glasses-on,ir,ir/frame22.pgm,short,0,,3.8,,,,
nexigo,glasses-on,ir,ir/frame22.pgm,full,0,,3.8,,,,
nexigo,glasses-on,ir,ir/frame23.pgm,short,1,0.9520,51.6,314,152,441,279
nexigo,glasses-on,ir,ir/frame23.pgm,full,1,0.9096,51.6,306,134,447,275
nexigo,sweep,rgb,rgb/rgb00.ppm,short,1,0.9406,119.5,258,206,407,355
nexigo,sweep,rgb,rgb/rgb00.ppm,full,1,0.9096,119.5,251,193,403,345
nexigo,sweep,rgb,rgb/rgb01.ppm,short,1,0.9103,119.4,302,208,431,337
nexigo,sweep,rgb,rgb/rgb01.ppm,full,1,0.6948,119.4,306,200,445,339
nexigo,sweep,rgb,rgb/rgb02.ppm,short,1,0.9137,119.4,253,210,390,347
nexigo,sweep,rgb,rgb/rgb02.ppm,full,1,0.8446,119.4,220,185,376,341
nexigo,sweep,rgb,rgb/rgb03.ppm,short,1,0.9508,119.5,255,206,395,346
nexigo,sweep,rgb,rgb/rgb03.ppm,full,1,0.8565,119.5,242,188,387,333
nexigo,sweep,rgb,rgb/rgb04.ppm,short,1,0.9548,120.4,265,197,393,325
nexigo,sweep,rgb,rgb/rgb04.ppm,full,1,0.8664,120.4,263,180,402,319
nexigo,sweep,rgb,rgb/rgb05.ppm,short,1,0.9558,118.9,255,215,407,367
nexigo,sweep,rgb,rgb/rgb05.ppm,full,1,0.9045,118.9,246,199,401,354
nexigo,sweep,rgb,rgb/rgb06.ppm,short,1,0.9039,119.2,297,206,429,338
nexigo,sweep,rgb,rgb/rgb06.ppm,full,1,0.8311,119.2,306,199,445,338
nexigo,sweep,rgb,rgb/rgb07.ppm,short,1,0.9415,119.3,273,207,415,349
nexigo,sweep,rgb,rgb/rgb07.ppm,full,1,0.8886,119.3,274,188,424,338
nexigo,sweep,ir,ir/frame00.pgm,short,0,,15.9,,,,
nexigo,sweep,ir,ir/frame00.pgm,full,0,,15.9,,,,
nexigo,sweep,ir,ir/frame01.pgm,short,0,,128.4,,,,
nexigo,sweep,ir,ir/frame01.pgm,full,0,,128.4,,,,
nexigo,sweep,ir,ir/frame02.pgm,short,0,,15.9,,,,
nexigo,sweep,ir,ir/frame02.pgm,full,0,,15.9,,,,
nexigo,sweep,ir,ir/frame03.pgm,short,0,,112.1,,,,
nexigo,sweep,ir,ir/frame03.pgm,full,0,,112.1,,,,
nexigo,sweep,ir,ir/frame04.pgm,short,0,,10.8,,,,
nexigo,sweep,ir,ir/frame04.pgm,full,0,,10.8,,,,
nexigo,sweep,ir,ir/frame05.pgm,short,1,0.6994,102.4,273,156,391,274
nexigo,sweep,ir,ir/frame05.pgm,full,1,0.6888,102.4,240,134,378,272
nexigo,sweep,ir,ir/frame06.pgm,short,0,,9.4,,,,
nexigo,sweep,ir,ir/frame06.pgm,full,0,,9.4,,,,
nexigo,sweep,ir,ir/frame07.pgm,short,1,0.8890,92.9,278,158,398,278
nexigo,sweep,ir,ir/frame07.pgm,full,1,0.7916,92.9,245,138,384,277
nexigo,sweep,ir,ir/frame08.pgm,short,0,,8.1,,,,
nexigo,sweep,ir,ir/frame08.pgm,full,0,,8.1,,,,
nexigo,sweep,ir,ir/frame09.pgm,short,1,0.9143,87.4,275,152,398,275
nexigo,sweep,ir,ir/frame09.pgm,full,1,0.8104,87.4,245,139,381,275
nexigo,sweep,ir,ir/frame10.pgm,short,0,,7.5,,,,
nexigo,sweep,ir,ir/frame10.pgm,full,0,,7.5,,,,
nexigo,sweep,ir,ir/frame11.pgm,short,1,0.8953,79.3,272,151,391,270
nexigo,sweep,ir,ir/frame11.pgm,full,1,0.8195,79.3,247,143,377,273
nexigo,sweep,ir,ir/frame12.pgm,short,0,,6.5,,,,
nexigo,sweep,ir,ir/frame12.pgm,full,0,,6.5,,,,
nexigo,sweep,ir,ir/frame13.pgm,short,1,0.8599,73.4,275,153,392,270
nexigo,sweep,ir,ir/frame13.pgm,full,1,0.8418,73.4,244,142,368,266
nexigo,sweep,ir,ir/frame14.pgm,short,0,,5.8,,,,
nexigo,sweep,ir,ir/frame14.pgm,full,0,,5.8,,,,
nexigo,sweep,ir,ir/frame15.pgm,short,1,0.9261,70.2,270,148,390,268
nexigo,sweep,ir,ir/frame15.pgm,full,1,0.8032,70.2,238,143,366,271
nexigo,sweep,ir,ir/frame16.pgm,short,0,,5.5,,,,
nexigo,sweep,ir,ir/frame16.pgm,full,0,,5.5,,,,
nexigo,sweep,ir,ir/frame17.pgm,short,1,0.9397,64.2,272,151,387,266
nexigo,sweep,ir,ir/frame17.pgm,full,1,0.8251,64.2,237,143,361,267
nexigo,sweep,ir,ir/frame18.pgm,short,0,,4.8,,,,
nexigo,sweep,ir,ir/frame18.pgm,full,0,,4.8,,,,
nexigo,sweep,ir,ir/frame19.pgm,short,1,0.9395,61.0,268,146,392,270
nexigo,sweep,ir,ir/frame19.pgm,full,1,0.8546,61.0,234,143,357,266
nexigo,sweep,ir,ir/frame20.pgm,short,0,,4.5,,,,
nexigo,sweep,ir,ir/frame20.pgm,full,0,,4.5,,,,
nexigo,sweep,ir,ir/frame21.pgm,short,1,0.9096,57.7,259,143,386,270
nexigo,sweep,ir,ir/frame21.pgm,full,1,0.8948,57.7,232,143,357,268
nexigo,sweep,ir,ir/frame22.pgm,short,0,,4.1,,,,
nexigo,sweep,ir,ir/frame22.pgm,full,0,,4.1,,,,
nexigo,sweep,ir,ir/frame23.pgm,short,1,0.9105,54.9,264,149,380,265
nexigo,sweep,ir,ir/frame23.pgm,full,1,0.8524,54.9,234,142,358,266
