camera,segment,kind,frame,ear_left,ear_right,blink_left,blink_right,jaw_open,brow_inner_up
zenbook,held-closure,rgb,rgb/rgb00.ppm,0.0562,0.0501,0.6861,0.6228,0.0004,0.0031
zenbook,held-closure,rgb,rgb/rgb01.ppm,0.0603,0.0819,0.6329,0.6304,0.0002,0.0020
zenbook,held-closure,rgb,rgb/rgb02.ppm,0.0589,0.0771,0.6143,0.6393,0.0002,0.0026
zenbook,held-closure,rgb,rgb/rgb03.ppm,0.0370,0.0361,0.7105,0.6825,0.0002,0.0019
zenbook,held-closure,rgb,rgb/rgb04.ppm,0.0425,0.0517,0.6491,0.6797,0.0003,0.0019
zenbook,held-closure,rgb,rgb/rgb05.ppm,0.0634,0.0772,0.5976,0.6544,0.0003,0.0017
zenbook,held-closure,rgb,rgb/rgb06.ppm,0.0550,0.0625,0.6564,0.6451,0.0003,0.0018
zenbook,held-closure,rgb,rgb/rgb07.ppm,0.1128,0.0808,0.6055,0.5441,0.0003,0.0009
zenbook,held-closure,rgb,rgb/rgb08.ppm,0.0715,0.0628,0.6589,0.6143,0.0002,0.0014
zenbook,held-closure,rgb,rgb/rgb09.ppm,0.0532,0.0569,0.6835,0.6635,0.0002,0.0015
zenbook,held-closure,rgb,rgb/rgb10.ppm,0.0528,0.0636,0.6489,0.6678,0.0003,0.0014
zenbook,held-closure,rgb,rgb/rgb11.ppm,0.1116,0.0859,0.5839,0.5744,0.0003,0.0009
zenbook,held-closure,rgb,rgb/rgb12.ppm,0.0835,0.0489,0.6530,0.6110,0.0006,0.0009
zenbook,held-closure,rgb,rgb/rgb13.ppm,0.0722,0.0739,0.6417,0.6118,0.0004,0.0007
zenbook,held-closure,rgb,rgb/rgb14.ppm,0.0688,0.0569,0.6629,0.6464,0.0002,0.0008
zenbook,held-closure,rgb,rgb/rgb15.ppm,0.0765,0.0917,0.5778,0.6014,0.0002,0.0013
zenbook,held-closure,rgb,rgb/rgb16.ppm,0.0558,0.0755,0.5993,0.6701,0.0005,0.0007
zenbook,held-closure,rgb,rgb/rgb17.ppm,0.0700,0.0770,0.6250,0.6370,0.0003,0.0014
zenbook,held-closure,rgb,rgb/rgb18.ppm,0.1002,0.0899,0.5525,0.5647,0.0003,0.0010
zenbook,held-closure,rgb,rgb/rgb19.ppm,0.0897,0.0858,0.5941,0.6099,0.0003,0.0007
zenbook,held-closure,rgb,rgb/rgb20.ppm,0.0940,0.0614,0.6260,0.5608,0.0004,0.0006
zenbook,held-closure,rgb,rgb/rgb21.ppm,0.0872,0.0622,0.6196,0.6097,0.0004,0.0005
zenbook,held-closure,rgb,rgb/rgb22.ppm,0.0911,0.0576,0.6434,0.6148,0.0003,0.0008
zenbook,held-closure,rgb,rgb/rgb23.ppm,0.0879,0.0903,0.5599,0.6009,0.0003,0.0008
zenbook,held-closure,ir,ir/frame00.pgm,0.0830,0.0511,0.6805,0.5904,0.0131,0.0014
zenbook,held-closure,ir,ir/frame01.pgm,,,,,,
zenbook,held-closure,ir,ir/frame02.pgm,0.0796,0.0474,0.6731,0.5979,0.0204,0.0015
zenbook,held-closure,ir,ir/frame03.pgm,,,,,,
zenbook,held-closure,ir,ir/frame04.pgm,0.0778,0.0577,0.6319,0.6068,0.0203,0.0024
zenbook,held-closure,ir,ir/frame05.pgm,,,,,,
zenbook,held-closure,ir,ir/frame06.pgm,0.0351,0.0448,0.6497,0.7096,0.0009,0.0027
zenbook,held-closure,ir,ir/frame07.pgm,,,,,,
zenbook,held-closure,ir,ir/frame08.pgm,0.0350,0.0457,0.6466,0.7076,0.0009,0.0029
zenbook,held-closure,ir,ir/frame09.pgm,,,,,,
zenbook,held-closure,ir,ir/frame10.pgm,0.0770,0.0450,0.6616,0.6154,0.0081,0.0020
zenbook,held-closure,ir,ir/frame11.pgm,,,,,,
zenbook,held-closure,ir,ir/frame12.pgm,0.0842,0.0507,0.6465,0.5949,0.0091,0.0020
zenbook,held-closure,ir,ir/frame13.pgm,,,,,,
zenbook,held-closure,ir,ir/frame14.pgm,0.0875,0.0552,0.6286,0.5931,0.0296,0.0018
zenbook,held-closure,ir,ir/frame15.pgm,,,,,,
zenbook,held-closure,ir,ir/frame16.pgm,0.0873,0.0583,0.6225,0.5894,0.0171,0.0021
zenbook,held-closure,ir,ir/frame17.pgm,,,,,,
zenbook,held-closure,ir,ir/frame18.pgm,0.0610,0.0443,0.6604,0.6486,0.0022,0.0027
zenbook,held-closure,ir,ir/frame19.pgm,,,,,,
zenbook,held-closure,ir,ir/frame20.pgm,0.0466,0.0484,0.6494,0.6781,0.0024,0.0027
zenbook,held-closure,ir,ir/frame21.pgm,,,,,,
zenbook,held-closure,ir,ir/frame22.pgm,0.0509,0.0492,0.6285,0.6662,0.0057,0.0034
zenbook,held-closure,ir,ir/frame23.pgm,,,,,,
zenbook,held-closure-glasses,rgb,rgb/rgb00.ppm,0.2737,0.2882,0.1040,0.1255,0.0006,0.0450
zenbook,held-closure-glasses,rgb,rgb/rgb01.ppm,0.2831,0.3004,0.0811,0.1037,0.0005,0.0340
zenbook,held-closure-glasses,rgb,rgb/rgb02.ppm,0.2754,0.2974,0.0911,0.1143,0.0006,0.0350
zenbook,held-closure-glasses,rgb,rgb/rgb03.ppm,0.2682,0.2939,0.0735,0.1194,0.0009,0.0166
zenbook,held-closure-glasses,rgb,rgb/rgb04.ppm,0.2854,0.3050,0.0919,0.0993,0.0006,0.0324
zenbook,held-closure-glasses,rgb,rgb/rgb05.ppm,0.2830,0.3151,0.0726,0.1098,0.0006,0.0455
zenbook,held-closure-glasses,rgb,rgb/rgb06.ppm,0.2560,0.2861,0.1380,0.1809,0.0004,0.0352
zenbook,held-closure-glasses,rgb,rgb/rgb07.ppm,0.2476,0.2747,0.1403,0.1636,0.0013,0.0412
zenbook,held-closure-glasses,rgb,rgb/rgb08.ppm,0.2760,0.2979,0.0782,0.0927,0.0012,0.0150
zenbook,held-closure-glasses,rgb,rgb/rgb09.ppm,0.2785,0.3091,0.0767,0.0845,0.0014,0.0258
zenbook,held-closure-glasses,rgb,rgb/rgb10.ppm,0.2682,0.3014,0.0854,0.1190,0.0010,0.0232
zenbook,held-closure-glasses,rgb,rgb/rgb11.ppm,0.2521,0.2852,0.1270,0.1935,0.0004,0.0454
zenbook,held-closure-glasses,rgb,rgb/rgb12.ppm,0.2909,0.3063,0.0584,0.0576,0.0011,0.0101
zenbook,held-closure-glasses,rgb,rgb/rgb13.ppm,0.2794,0.3049,0.0746,0.0936,0.0013,0.0197
zenbook,held-closure-glasses,rgb,rgb/rgb14.ppm,0.2640,0.2934,0.0939,0.0975,0.0059,0.0233
zenbook,held-closure-glasses,rgb,rgb/rgb15.ppm,0.2570,0.2851,0.1248,0.1496,0.0006,0.0238
zenbook,held-closure-glasses,rgb,rgb/rgb16.ppm,0.2572,0.2880,0.1071,0.1739,0.0006,0.0282
zenbook,held-closure-glasses,rgb,rgb/rgb17.ppm,0.2626,0.2873,0.0963,0.1353,0.0016,0.0218
zenbook,held-closure-glasses,rgb,rgb/rgb18.ppm,0.2866,0.3032,0.0795,0.0783,0.0006,0.0247
zenbook,held-closure-glasses,rgb,rgb/rgb19.ppm,0.2828,0.3008,0.0802,0.0992,0.0005,0.0276
zenbook,held-closure-glasses,rgb,rgb/rgb20.ppm,0.2840,0.3065,0.0841,0.0855,0.0012,0.0480
zenbook,held-closure-glasses,rgb,rgb/rgb21.ppm,0.2715,0.2953,0.0896,0.1222,0.0006,0.0442
zenbook,held-closure-glasses,rgb,rgb/rgb22.ppm,0.2855,0.3087,0.0637,0.0859,0.0006,0.0274
zenbook,held-closure-glasses,rgb,rgb/rgb23.ppm,0.2890,0.3061,0.0698,0.0724,0.0006,0.0317
zenbook,held-closure-glasses,ir,ir/frame00.pgm,0.1395,0.0951,0.6202,0.5565,0.0009,0.0748
zenbook,held-closure-glasses,ir,ir/frame01.pgm,,,,,,
zenbook,held-closure-glasses,ir,ir/frame02.pgm,0.1361,0.0868,0.6271,0.5780,0.0008,0.0876
zenbook,held-closure-glasses,ir,ir/frame03.pgm,,,,,,
zenbook,held-closure-glasses,ir,ir/frame04.pgm,0.1388,0.0900,0.6280,0.5762,0.0006,0.1117
zenbook,held-closure-glasses,ir,ir/frame05.pgm,,,,,,
zenbook,held-closure-glasses,ir,ir/frame06.pgm,0.1309,0.0862,0.6451,0.5836,0.0009,0.0906
zenbook,held-closure-glasses,ir,ir/frame07.pgm,,,,,,
zenbook,held-closure-glasses,ir,ir/frame08.pgm,0.1401,0.0906,0.6276,0.5533,0.0018,0.1252
zenbook,held-closure-glasses,ir,ir/frame09.pgm,,,,,,
zenbook,held-closure-glasses,ir,ir/frame10.pgm,0.1418,0.0939,0.6297,0.5470,0.0017,0.1134
zenbook,held-closure-glasses,ir,ir/frame11.pgm,,,,,,
zenbook,held-closure-glasses,ir,ir/frame12.pgm,0.1290,0.0898,0.6156,0.5814,0.0027,0.0917
zenbook,held-closure-glasses,ir,ir/frame13.pgm,,,,,,
zenbook,held-closure-glasses,ir,ir/frame14.pgm,0.1270,0.0894,0.6305,0.5830,0.0014,0.0867
zenbook,held-closure-glasses,ir,ir/frame15.pgm,,,,,,
zenbook,held-closure-glasses,ir,ir/frame16.pgm,0.1260,0.0872,0.6359,0.5965,0.0010,0.0939
zenbook,held-closure-glasses,ir,ir/frame17.pgm,,,,,,
zenbook,held-closure-glasses,ir,ir/frame18.pgm,0.1345,0.0910,0.6276,0.5784,0.0014,0.0925
zenbook,held-closure-glasses,ir,ir/frame19.pgm,,,,,,
zenbook,held-closure-glasses,ir,ir/frame20.pgm,0.1532,0.1072,0.5781,0.5323,0.0015,0.1060
zenbook,held-closure-glasses,ir,ir/frame21.pgm,,,,,,
zenbook,held-closure-glasses,ir,ir/frame22.pgm,0.1538,0.1058,0.5797,0.5279,0.0019,0.0803
zenbook,held-closure-glasses,ir,ir/frame23.pgm,,,,,,
zenbook,natural-blink,rgb,rgb/rgb00.ppm,0.2599,0.2665,0.1546,0.1496,0.0003,0.0010
zenbook,natural-blink,rgb,rgb/rgb01.ppm,0.2704,0.2878,0.0867,0.1055,0.0003,0.0003
zenbook,natural-blink,rgb,rgb/rgb02.ppm,0.2697,0.2893,0.0861,0.1052,0.0002,0.0007
zenbook,natural-blink,rgb,rgb/rgb03.ppm,0.2356,0.2457,0.1944,0.2389,0.0001,0.0008
zenbook,natural-blink,rgb,rgb/rgb04.ppm,0.1483,0.1230,0.5569,0.4661,0.0002,0.0040
zenbook,natural-blink,rgb,rgb/rgb05.ppm,0.2714,0.2884,0.1109,0.1099,0.0003,0.0008
zenbook,natural-blink,rgb,rgb/rgb06.ppm,0.2529,0.2712,0.1525,0.1461,0.0002,0.0006
zenbook,natural-blink,rgb,rgb/rgb07.ppm,0.2750,0.2939,0.0747,0.0845,0.0003,0.0004
zenbook,natural-blink,rgb,rgb/rgb08.ppm,0.2713,0.2783,0.1177,0.1079,0.0001,0.0015
zenbook,natural-blink,rgb,rgb/rgb09.ppm,0.2143,0.2185,0.2571,0.3198,0.0002,0.0022
zenbook,natural-blink,rgb,rgb/rgb10.ppm,0.2717,0.2936,0.0961,0.1068,0.0002,0.0008
zenbook,natural-blink,rgb,rgb/rgb11.ppm,0.2691,0.2821,0.1250,0.1128,0.0002,0.0009
zenbook,natural-blink,rgb,rgb/rgb12.ppm,0.2836,0.3063,0.0491,0.0732,0.0003,0.0011
zenbook,natural-blink,rgb,rgb/rgb13.ppm,0.2964,0.3073,0.0570,0.0505,0.0003,0.0007
zenbook,natural-blink,rgb,rgb/rgb14.ppm,0.2651,0.2887,0.0967,0.1232,0.0003,0.0008
zenbook,natural-blink,rgb,rgb/rgb15.ppm,0.1588,0.1328,0.5435,0.4593,0.0002,0.0017
zenbook,natural-blink,rgb,rgb/rgb16.ppm,0.2872,0.2931,0.0877,0.0762,0.0001,0.0006
zenbook,natural-blink,rgb,rgb/rgb17.ppm,0.2627,0.2774,0.1177,0.1259,0.0002,0.0007
zenbook,natural-blink,rgb,rgb/rgb18.ppm,0.2366,0.2615,0.1807,0.2338,0.0001,0.0019
zenbook,natural-blink,rgb,rgb/rgb19.ppm,0.2841,0.2952,0.0856,0.0840,0.0002,0.0014
zenbook,natural-blink,rgb,rgb/rgb20.ppm,0.2461,0.2685,0.1292,0.2142,0.0002,0.0012
zenbook,natural-blink,rgb,rgb/rgb21.ppm,0.1853,0.1402,0.5202,0.3978,0.0001,0.0058
zenbook,natural-blink,rgb,rgb/rgb22.ppm,0.2566,0.2696,0.1291,0.1536,0.0001,0.0015
zenbook,natural-blink,rgb,rgb/rgb23.ppm,0.2337,0.2274,0.2349,0.2226,0.0001,0.0037
zenbook,natural-blink,ir,ir/frame00.pgm,0.1786,0.2011,0.2784,0.3836,0.0018,0.0010
zenbook,natural-blink,ir,ir/frame01.pgm,,,,,,
zenbook,natural-blink,ir,ir/frame02.pgm,0.1335,0.1664,0.3656,0.4889,0.0007,0.0007
zenbook,natural-blink,ir,ir/frame03.pgm,,,,,,
zenbook,natural-blink,ir,ir/frame04.pgm,0.1384,0.1479,0.4238,0.4734,0.0008,0.0008
zenbook,natural-blink,ir,ir/frame05.pgm,,,,,,
zenbook,natural-blink,ir,ir/frame06.pgm,0.1222,0.1437,0.4268,0.5008,0.0011,0.0011
zenbook,natural-blink,ir,ir/frame07.pgm,,,,,,
zenbook,natural-blink,ir,ir/frame08.pgm,0.1263,0.1419,0.4281,0.4800,0.0017,0.0012
zenbook,natural-blink,ir,ir/frame09.pgm,,,,,,
zenbook,natural-blink,ir,ir/frame10.pgm,0.0323,0.0276,0.7409,0.7217,0.0005,0.0212
zenbook,natural-blink,ir,ir/frame11.pgm,,,,,,
zenbook,natural-blink,ir,ir/frame12.pgm,0.0584,0.0658,0.6192,0.6729,0.0006,0.0029
zenbook,natural-blink,ir,ir/frame13.pgm,,,,,,
zenbook,natural-blink,ir,ir/frame14.pgm,0.1084,0.1398,0.4496,0.5204,0.0009,0.0012
zenbook,natural-blink,ir,ir/frame15.pgm,,,,,,
zenbook,natural-blink,ir,ir/frame16.pgm,0.2404,0.2558,0.2052,0.2149,0.0013,0.0005
zenbook,natural-blink,ir,ir/frame17.pgm,,,,,,
zenbook,natural-blink,ir,ir/frame18.pgm,0.2642,0.2699,0.1655,0.1889,0.0018,0.0004
zenbook,natural-blink,ir,ir/frame19.pgm,,,,,,
zenbook,natural-blink,ir,ir/frame20.pgm,0.2584,0.2653,0.1624,0.1746,0.0021,0.0003
zenbook,natural-blink,ir,ir/frame21.pgm,,,,,,
zenbook,natural-blink,ir,ir/frame22.pgm,0.2445,0.2543,0.1682,0.1999,0.0043,0.0003
zenbook,natural-blink,ir,ir/frame23.pgm,,,,,,
zenbook,natural-blink-glasses,rgb,rgb/rgb00.ppm,0.2841,0.2829,0.0875,0.0607,0.0009,0.0375
zenbook,natural-blink-glasses,rgb,rgb/rgb01.ppm,0.2816,0.2860,0.0726,0.0630,0.0012,0.0263
zenbook,natural-blink-glasses,rgb,rgb/rgb02.ppm,0.2760,0.2839,0.0901,0.0840,0.0007,0.0210
zenbook,natural-blink-glasses,rgb,rgb/rgb03.ppm,0.2681,0.2792,0.1246,0.1387,0.0003,0.0229
zenbook,natural-blink-glasses,rgb,rgb/rgb04.ppm,0.2777,0.2905,0.0896,0.0828,0.0007,0.0599
zenbook,natural-blink-glasses,rgb,rgb/rgb05.ppm,0.2667,0.2768,0.1128,0.1183,0.0003,0.0294
zenbook,natural-blink-glasses,rgb,rgb/rgb06.ppm,0.2797,0.2838,0.0973,0.0662,0.0014,0.0301
zenbook,natural-blink-glasses,rgb,rgb/rgb07.ppm,0.2894,0.2947,0.0658,0.0519,0.0006,0.0316
zenbook,natural-blink-glasses,rgb,rgb/rgb08.ppm,0.2915,0.2986,0.0585,0.0523,0.0004,0.0104
zenbook,natural-blink-glasses,rgb,rgb/rgb09.ppm,0.2792,0.2898,0.0878,0.0919,0.0002,0.0393
zenbook,natural-blink-glasses,rgb,rgb/rgb10.ppm,0.2775,0.2874,0.0897,0.0611,0.0026,0.0164
zenbook,natural-blink-glasses,rgb,rgb/rgb11.ppm,0.2877,0.2918,0.0767,0.0603,0.0004,0.0214
zenbook,natural-blink-glasses,rgb,rgb/rgb12.ppm,0.2759,0.2865,0.0890,0.0749,0.0005,0.0259
zenbook,natural-blink-glasses,rgb,rgb/rgb13.ppm,0.2711,0.2814,0.1026,0.0948,0.0002,0.0348
zenbook,natural-blink-glasses,rgb,rgb/rgb14.ppm,0.2747,0.2882,0.0929,0.0845,0.0011,0.0268
zenbook,natural-blink-glasses,rgb,rgb/rgb15.ppm,0.2614,0.2775,0.1132,0.1063,0.0005,0.0440
zenbook,natural-blink-glasses,rgb,rgb/rgb16.ppm,0.2831,0.2892,0.0874,0.0796,0.0009,0.0183
zenbook,natural-blink-glasses,rgb,rgb/rgb17.ppm,0.2883,0.2924,0.0806,0.0519,0.0007,0.0233
zenbook,natural-blink-glasses,rgb,rgb/rgb18.ppm,0.2730,0.2814,0.1049,0.0987,0.0004,0.0514
zenbook,natural-blink-glasses,rgb,rgb/rgb19.ppm,0.2790,0.2832,0.0896,0.0665,0.0007,0.0097
zenbook,natural-blink-glasses,rgb,rgb/rgb20.ppm,0.2873,0.3027,0.0674,0.0711,0.0004,0.0399
zenbook,natural-blink-glasses,rgb,rgb/rgb21.ppm,0.2772,0.2823,0.1014,0.0723,0.0005,0.0380
zenbook,natural-blink-glasses,rgb,rgb/rgb22.ppm,0.2780,0.2899,0.0781,0.0833,0.0004,0.0206
zenbook,natural-blink-glasses,rgb,rgb/rgb23.ppm,0.2739,0.2802,0.0992,0.0861,0.0005,0.0334
zenbook,natural-blink-glasses,ir,ir/frame00.pgm,0.2131,0.1899,0.3678,0.3733,0.0009,0.0324
zenbook,natural-blink-glasses,ir,ir/frame01.pgm,,,,,,
zenbook,natural-blink-glasses,ir,ir/frame02.pgm,0.2232,0.2049,0.3338,0.3606,0.0008,0.0202
zenbook,natural-blink-glasses,ir,ir/frame03.pgm,,,,,,
zenbook,natural-blink-glasses,ir,ir/frame04.pgm,0.1970,0.1603,0.4384,0.4135,0.0009,0.0292
zenbook,natural-blink-glasses,ir,ir/frame05.pgm,,,,,,
zenbook,natural-blink-glasses,ir,ir/frame06.pgm,0.1030,0.0831,0.6463,0.6813,0.0003,0.1072
zenbook,natural-blink-glasses,ir,ir/frame07.pgm,,,,,,
zenbook,natural-blink-glasses,ir,ir/frame08.pgm,0.1673,0.1408,0.5214,0.5046,0.0006,0.0480
zenbook,natural-blink-glasses,ir,ir/frame09.pgm,,,,,,
zenbook,natural-blink-glasses,ir,ir/frame10.pgm,0.2089,0.1697,0.4156,0.3993,0.0009,0.0445
zenbook,natural-blink-glasses,ir,ir/frame11.pgm,,,,,,
zenbook,natural-blink-glasses,ir,ir/frame12.pgm,0.2581,0.2373,0.2186,0.2282,0.0014,0.0299
zenbook,natural-blink-glasses,ir,ir/frame13.pgm,,,,,,
zenbook,natural-blink-glasses,ir,ir/frame14.pgm,0.2594,0.2446,0.1848,0.1955,0.0020,0.0189
zenbook,natural-blink-glasses,ir,ir/frame15.pgm,,,,,,
zenbook,natural-blink-glasses,ir,ir/frame16.pgm,0.1942,0.1598,0.4476,0.4151,0.0006,0.0255
zenbook,natural-blink-glasses,ir,ir/frame17.pgm,,,,,,
zenbook,natural-blink-glasses,ir,ir/frame18.pgm,0.1688,0.1335,0.5372,0.5209,0.0005,0.0462
zenbook,natural-blink-glasses,ir,ir/frame19.pgm,,,,,,
zenbook,natural-blink-glasses,ir,ir/frame20.pgm,0.1992,0.1644,0.4487,0.4474,0.0020,0.0608
zenbook,natural-blink-glasses,ir,ir/frame21.pgm,,,,,,
zenbook,natural-blink-glasses,ir,ir/frame22.pgm,0.2254,0.1890,0.3515,0.3325,0.0012,0.0276
zenbook,natural-blink-glasses,ir,ir/frame23.pgm,,,,,,
zenbook,open-frontal,rgb,rgb/rgb00.ppm,0.2742,0.2902,0.0874,0.0676,0.0003,0.0007
zenbook,open-frontal,rgb,rgb/rgb01.ppm,0.2441,0.2655,0.1560,0.1453,0.0003,0.0006
zenbook,open-frontal,rgb,rgb/rgb02.ppm,0.2541,0.2848,0.0924,0.1070,0.0019,0.0013
zenbook,open-frontal,rgb,rgb/rgb03.ppm,0.2656,0.2913,0.0956,0.0934,0.0002,0.0008
zenbook,open-frontal,rgb,rgb/rgb04.ppm,0.2601,0.2863,0.1115,0.1102,0.0003,0.0006
zenbook,open-frontal,rgb,rgb/rgb05.ppm,0.2659,0.2861,0.1237,0.0903,0.0002,0.0005
zenbook,open-frontal,rgb,rgb/rgb06.ppm,0.2591,0.2834,0.1047,0.0926,0.0002,0.0006
zenbook,open-frontal,rgb,rgb/rgb07.ppm,0.2728,0.2992,0.0829,0.0804,0.0002,0.0005
zenbook,open-frontal,rgb,rgb/rgb08.ppm,0.2529,0.2775,0.1319,0.1433,0.0002,0.0007
zenbook,open-frontal,rgb,rgb/rgb09.ppm,0.2599,0.2822,0.1315,0.1219,0.0002,0.0004
zenbook,open-frontal,rgb,rgb/rgb10.ppm,0.2630,0.2923,0.1030,0.1033,0.0002,0.0005
zenbook,open-frontal,rgb,rgb/rgb11.ppm,0.2597,0.2857,0.1185,0.1191,0.0002,0.0007
zenbook,open-frontal,rgb,rgb/rgb12.ppm,0.2608,0.2821,0.1040,0.0929,0.0003,0.0006
zenbook,open-frontal,rgb,rgb/rgb13.ppm,0.2676,0.2921,0.0900,0.0892,0.0006,0.0008
zenbook,open-frontal,rgb,rgb/rgb14.ppm,0.2578,0.2843,0.1144,0.1308,0.0003,0.0005
zenbook,open-frontal,rgb,rgb/rgb15.ppm,0.2639,0.2787,0.1204,0.1175,0.0002,0.0004
zenbook,open-frontal,rgb,rgb/rgb16.ppm,0.2704,0.2819,0.1058,0.0774,0.0003,0.0007
zenbook,open-frontal,rgb,rgb/rgb17.ppm,0.2623,0.2860,0.1048,0.0985,0.0002,0.0005
zenbook,open-frontal,rgb,rgb/rgb18.ppm,0.2676,0.2915,0.1001,0.0967,0.0005,0.0006
zenbook,open-frontal,rgb,rgb/rgb19.ppm,0.2661,0.2825,0.1003,0.1005,0.0003,0.0004
zenbook,open-frontal,rgb,rgb/rgb20.ppm,0.2563,0.2835,0.1116,0.1132,0.0002,0.0006
zenbook,open-frontal,rgb,rgb/rgb21.ppm,0.2609,0.2860,0.1031,0.0950,0.0003,0.0005
zenbook,open-frontal,rgb,rgb/rgb22.ppm,0.2704,0.2970,0.0846,0.0895,0.0004,0.0006
zenbook,open-frontal,rgb,rgb/rgb23.ppm,0.2709,0.2950,0.1036,0.0899,0.0002,0.0006
zenbook,open-frontal,ir,ir/frame00.pgm,0.2538,0.2481,0.2023,0.2111,0.0006,0.0004
zenbook,open-frontal,ir,ir/frame01.pgm,,,,,,
zenbook,open-frontal,ir,ir/frame02.pgm,0.2584,0.2538,0.1883,0.2000,0.0007,0.0003
zenbook,open-frontal,ir,ir/frame03.pgm,,,,,,
zenbook,open-frontal,ir,ir/frame04.pgm,0.2657,0.2745,0.1540,0.1883,0.0008,0.0003
zenbook,open-frontal,ir,ir/frame05.pgm,,,,,,
zenbook,open-frontal,ir,ir/frame06.pgm,0.2624,0.2631,0.1720,0.1889,0.0008,0.0003
zenbook,open-frontal,ir,ir/frame07.pgm,,,,,,
zenbook,open-frontal,ir,ir/frame08.pgm,0.2507,0.2434,0.2085,0.2224,0.0008,0.0004
zenbook,open-frontal,ir,ir/frame09.pgm,,,,,,
zenbook,open-frontal,ir,ir/frame10.pgm,0.2315,0.2365,0.2205,0.2400,0.0011,0.0003
zenbook,open-frontal,ir,ir/frame11.pgm,,,,,,
zenbook,open-frontal,ir,ir/frame12.pgm,0.2355,0.2440,0.2052,0.2313,0.0012,0.0003
zenbook,open-frontal,ir,ir/frame13.pgm,,,,,,
zenbook,open-frontal,ir,ir/frame14.pgm,0.2540,0.2569,0.2122,0.2064,0.0005,0.0003
zenbook,open-frontal,ir,ir/frame15.pgm,,,,,,
zenbook,open-frontal,ir,ir/frame16.pgm,0.2390,0.2469,0.2059,0.2290,0.0010,0.0003
zenbook,open-frontal,ir,ir/frame17.pgm,,,,,,
zenbook,open-frontal,ir,ir/frame18.pgm,0.2527,0.2603,0.2030,0.2054,0.0007,0.0003
zenbook,open-frontal,ir,ir/frame19.pgm,,,,,,
zenbook,open-frontal,ir,ir/frame20.pgm,0.2425,0.2430,0.2112,0.2294,0.0009,0.0003
zenbook,open-frontal,ir,ir/frame21.pgm,,,,,,
zenbook,open-frontal,ir,ir/frame22.pgm,0.2589,0.2746,0.1691,0.1938,0.0007,0.0003
zenbook,open-frontal,ir,ir/frame23.pgm,,,,,,
zenbook,open-frontal-glasses,rgb,rgb/rgb00.ppm,0.2790,0.2876,0.0786,0.0670,0.0007,0.0242
zenbook,open-frontal-glasses,rgb,rgb/rgb01.ppm,0.2750,0.2828,0.1047,0.0808,0.0005,0.0246
zenbook,open-frontal-glasses,rgb,rgb/rgb02.ppm,0.2813,0.2897,0.0718,0.0556,0.0002,0.0128
zenbook,open-frontal-glasses,rgb,rgb/rgb03.ppm,0.2856,0.2993,0.0591,0.0477,0.0068,0.0219
zenbook,open-frontal-glasses,rgb,rgb/rgb04.ppm,0.2891,0.2926,0.0912,0.0687,0.0002,0.0327
zenbook,open-frontal-glasses,rgb,rgb/rgb05.ppm,0.2793,0.2889,0.0884,0.0815,0.0004,0.0168
zenbook,open-frontal-glasses,rgb,rgb/rgb06.ppm,0.2837,0.2868,0.0916,0.0575,0.0003,0.0413
zenbook,open-frontal-glasses,rgb,rgb/rgb07.ppm,0.2894,0.3014,0.0689,0.0626,0.0004,0.0218
zenbook,open-frontal-glasses,rgb,rgb/rgb08.ppm,0.2800,0.2914,0.0817,0.0685,0.0003,0.0256
zenbook,open-frontal-glasses,rgb,rgb/rgb09.ppm,0.2908,0.2991,0.0702,0.0603,0.0004,0.0265
zenbook,open-frontal-glasses,rgb,rgb/rgb10.ppm,0.2996,0.3126,0.0545,0.0409,0.0003,0.0479
zenbook,open-frontal-glasses,rgb,rgb/rgb11.ppm,0.2888,0.2928,0.0739,0.0556,0.0003,0.0214
zenbook,open-frontal-glasses,rgb,rgb/rgb12.ppm,0.2981,0.3156,0.0429,0.0430,0.0004,0.0238
zenbook,open-frontal-glasses,rgb,rgb/rgb13.ppm,0.2797,0.2980,0.0679,0.0658,0.0009,0.0341
zenbook,open-frontal-glasses,rgb,rgb/rgb14.ppm,0.2975,0.3096,0.0472,0.0440,0.0003,0.0169
zenbook,open-frontal-glasses,rgb,rgb/rgb15.ppm,0.2820,0.3016,0.0532,0.0639,0.0004,0.0281
zenbook,open-frontal-glasses,rgb,rgb/rgb16.ppm,0.2952,0.3058,0.0574,0.0489,0.0006,0.0286
zenbook,open-frontal-glasses,rgb,rgb/rgb17.ppm,0.3083,0.3165,0.0489,0.0412,0.0002,0.0271
zenbook,open-frontal-glasses,rgb,rgb/rgb18.ppm,0.3042,0.3229,0.0354,0.0350,0.0003,0.0246
zenbook,open-frontal-glasses,rgb,rgb/rgb19.ppm,0.2756,0.2918,0.0683,0.0869,0.0004,0.0132
zenbook,open-frontal-glasses,rgb,rgb/rgb20.ppm,0.2821,0.2981,0.0659,0.0781,0.0005,0.0159
zenbook,open-frontal-glasses,rgb,rgb/rgb21.ppm,0.2932,0.3044,0.0570,0.0547,0.0005,0.0277
zenbook,open-frontal-glasses,rgb,rgb/rgb22.ppm,0.3000,0.3103,0.0628,0.0487,0.0003,0.0295
zenbook,open-frontal-glasses,rgb,rgb/rgb23.ppm,0.2863,0.2962,0.0644,0.0659,0.0006,0.0163
zenbook,open-frontal-glasses,ir,ir/frame00.pgm,0.2715,0.2306,0.2036,0.1812,0.0005,0.0113
zenbook,open-frontal-glasses,ir,ir/frame01.pgm,,,,,,
zenbook,open-frontal-glasses,ir,ir/frame02.pgm,0.2636,0.2247,0.2116,0.2139,0.0008,0.0093
zenbook,open-frontal-glasses,ir,ir/frame03.pgm,,,,,,
zenbook,open-frontal-glasses,ir,ir/frame04.pgm,0.2570,0.2024,0.2430,0.2125,0.0014,0.0087
zenbook,open-frontal-glasses,ir,ir/frame05.pgm,,,,,,
zenbook,open-frontal-glasses,ir,ir/frame06.pgm,0.2180,0.1625,0.4058,0.3214,0.0012,0.0256
zenbook,open-frontal-glasses,ir,ir/frame07.pgm,,,,,,
zenbook,open-frontal-glasses,ir,ir/frame08.pgm,0.2361,0.1894,0.3236,0.2868,0.0014,0.0211
zenbook,open-frontal-glasses,ir,ir/frame09.pgm,,,,,,
zenbook,open-frontal-glasses,ir,ir/frame10.pgm,0.2477,0.2338,0.2248,0.2827,0.0006,0.0214
zenbook,open-frontal-glasses,ir,ir/frame11.pgm,,,,,,
zenbook,open-frontal-glasses,ir,ir/frame12.pgm,0.2465,0.2190,0.2423,0.2770,0.0011,0.0211
zenbook,open-frontal-glasses,ir,ir/frame13.pgm,,,,,,
zenbook,open-frontal-glasses,ir,ir/frame14.pgm,0.2553,0.2284,0.2086,0.2478,0.0009,0.0171
zenbook,open-frontal-glasses,ir,ir/frame15.pgm,,,,,,
zenbook,open-frontal-glasses,ir,ir/frame16.pgm,0.2481,0.2112,0.2515,0.2600,0.0010,0.0164
zenbook,open-frontal-glasses,ir,ir/frame17.pgm,,,,,,
zenbook,open-frontal-glasses,ir,ir/frame18.pgm,0.2488,0.2199,0.2328,0.2362,0.0017,0.0190
zenbook,open-frontal-glasses,ir,ir/frame19.pgm,,,,,,
zenbook,open-frontal-glasses,ir,ir/frame20.pgm,0.2541,0.2162,0.2416,0.2159,0.0023,0.0222
zenbook,open-frontal-glasses,ir,ir/frame21.pgm,,,,,,
zenbook,open-frontal-glasses,ir,ir/frame22.pgm,0.2511,0.2130,0.2548,0.2398,0.0012,0.0239
zenbook,open-frontal-glasses,ir,ir/frame23.pgm,,,,,,
