segment,kind,frame,yunet_n,yunet_score,yunet_fsize,mesh_ok,ear_l,ear_r,span_x,span_y,blaze_score,blaze_fsize,mean
close,rgb,rgb/rgb00.ppm,1,0.9248,268.2414,true,0.0789,0.1050,207.0914,204.9777,0.9219,314.0412,136.1
close,rgb,rgb/rgb01.ppm,1,0.9229,271.2596,true,0.2816,0.3030,207.2292,207.3456,0.9277,322.2041,135.7
close,rgb,rgb/rgb02.ppm,1,0.9255,271.6534,true,0.2820,0.3130,208.0592,207.1098,0.9265,325.7507,136.9
close,rgb,rgb/rgb03.ppm,1,0.9270,272.5425,true,0.2757,0.2948,207.0896,204.1996,0.9371,330.0752,136.9
close,rgb,rgb/rgb04.ppm,1,0.9226,276.8391,true,0.2872,0.3117,207.2315,208.4174,0.9275,324.1339,136.8
close,rgb,rgb/rgb05.ppm,1,0.9244,272.3176,true,0.2841,0.3056,204.0519,207.7221,0.9284,318.0481,137.2
close,rgb,rgb/rgb06.ppm,1,0.9269,268.9600,true,0.2799,0.3031,205.0561,204.7199,0.9309,320.6147,137.4
close,rgb,rgb/rgb07.ppm,1,0.9272,277.1646,true,0.2696,0.2847,203.4097,200.8772,0.9326,324.0049,137.7
close,ir,ir/frame00.pgm,0,,,false,,,,,0.7723,293.3774,147.0
close,ir,ir/frame01.pgm,0,,,false,,,,,,,5.8
close,ir,ir/frame02.pgm,0,,,false,,,,,0.7735,290.8415,145.8
close,ir,ir/frame03.pgm,0,,,false,,,,,,,6.0
close,ir,ir/frame04.pgm,1,0.8167,257.5587,true,0.2198,0.2673,179.3195,165.0015,0.8097,287.0283,136.7
close,ir,ir/frame05.pgm,0,,,false,,,,,,,5.7
close,ir,ir/frame06.pgm,1,0.8494,267.2626,true,0.3032,0.3107,176.7894,181.5624,0.8272,271.2212,123.6
close,ir,ir/frame07.pgm,0,,,false,,,,,,,5.3
close,ir,ir/frame08.pgm,1,0.8807,269.6545,true,0.2722,0.2543,178.3641,180.7641,0.8655,270.0366,112.6
close,ir,ir/frame09.pgm,0,,,false,,,,,,,4.8
close,ir,ir/frame10.pgm,1,0.9230,258.3300,true,0.2604,0.2918,172.7690,182.5096,0.8595,271.0372,98.8
close,ir,ir/frame11.pgm,0,,,false,,,,,,,4.3
close,ir,ir/frame12.pgm,1,0.9327,254.7218,true,0.2732,0.2823,172.2405,180.6068,0.8740,270.4136,86.9
close,ir,ir/frame13.pgm,0,,,false,,,,,,,3.9
close,ir,ir/frame14.pgm,1,0.9362,250.8319,true,0.2674,0.2676,173.6162,178.9853,0.8949,268.2490,78.5
close,ir,ir/frame15.pgm,0,,,false,,,,,,,3.5
close,ir,ir/frame16.pgm,1,0.9383,248.9516,true,0.2546,0.2742,173.7254,182.5826,0.9031,264.5962,67.2
close,ir,ir/frame17.pgm,0,,,false,,,,,,,3.3
close,ir,ir/frame18.pgm,1,0.9392,247.6369,true,0.2589,0.2793,174.1447,180.2716,0.8988,264.4172,63.9
close,ir,ir/frame19.pgm,0,,,false,,,,,,,3.1
close,ir,ir/frame20.pgm,1,0.9388,247.1407,true,0.2507,0.2725,174.9493,182.3732,0.9052,262.8032,60.4
close,ir,ir/frame21.pgm,0,,,false,,,,,,,3.0
close,ir,ir/frame22.pgm,1,0.9398,247.9693,true,0.2497,0.2718,174.5397,182.4329,0.9041,262.3652,59.2
close,ir,ir/frame23.pgm,0,,,false,,,,,,,2.9
far,rgb,rgb/rgb00.ppm,1,0.9359,88.0397,true,0.3194,0.3234,58.5445,52.6183,0.6635,98.2218,147.9
far,rgb,rgb/rgb01.ppm,1,0.9335,86.0571,true,0.3209,0.3320,58.1545,52.6428,0.7081,90.0436,149.6
far,rgb,rgb/rgb02.ppm,1,0.9371,86.6571,true,0.3042,0.3263,58.2607,52.9664,0.7767,97.5394,150.2
far,rgb,rgb/rgb03.ppm,1,0.9336,87.6201,true,0.3217,0.3334,58.1980,52.3837,0.6905,100.3640,149.4
far,rgb,rgb/rgb04.ppm,1,0.9341,87.5135,true,0.2982,0.3168,58.3697,53.6738,0.7302,99.6340,149.4
far,rgb,rgb/rgb05.ppm,1,0.9312,88.3160,true,0.2963,0.3059,59.2159,53.3099,0.6546,109.6085,149.6
far,rgb,rgb/rgb06.ppm,1,0.9363,86.1850,true,0.3034,0.3216,57.8328,52.8735,0.7329,98.8900,149.7
far,rgb,rgb/rgb07.ppm,1,0.9341,86.2776,true,0.3269,0.3432,57.9927,52.7278,0.7407,97.0180,149.7
far,ir,ir/frame00.pgm,1,0.8393,77.6424,true,0.2230,0.2142,51.7511,45.6270,,,16.5
far,ir,ir/frame01.pgm,0,,,false,,,,,,,3.6
far,ir,ir/frame02.pgm,1,0.8401,77.7726,true,0.2312,0.2276,51.3894,45.3565,,,17.3
far,ir,ir/frame03.pgm,0,,,false,,,,,,,6.0
far,ir,ir/frame04.pgm,1,0.8927,76.7079,true,0.2288,0.2285,52.0810,45.8535,,,21.9
far,ir,ir/frame05.pgm,0,,,false,,,,,,,8.1
far,ir,ir/frame06.pgm,1,0.9117,72.5040,true,0.2247,0.2394,53.0044,45.7745,,,28.9
far,ir,ir/frame07.pgm,0,,,false,,,,,,,11.8
far,ir,ir/frame08.pgm,1,0.9137,73.1555,true,0.2382,0.2273,53.9803,46.4875,0.5366,97.2094,41.7
far,ir,ir/frame09.pgm,0,,,false,,,,,,,16.0
far,ir,ir/frame10.pgm,1,0.9111,71.0368,true,0.2132,0.2190,52.4045,45.9201,0.5376,95.9062,54.8
far,ir,ir/frame11.pgm,0,,,false,,,,,,,17.6
far,ir,ir/frame12.pgm,1,0.9219,72.5797,true,0.2205,0.2314,53.4329,46.3274,0.6097,85.5046,57.3
far,ir,ir/frame13.pgm,0,,,false,,,,,,,19.0
far,ir,ir/frame14.pgm,1,0.9250,72.4524,true,0.1821,0.1964,52.0698,46.0493,0.5776,80.9072,59.9
far,ir,ir/frame15.pgm,0,,,false,,,,,,,20.3
far,ir,ir/frame16.pgm,1,0.9251,73.4017,true,0.1643,0.2020,52.4351,46.2933,0.5837,84.1167,62.9
far,ir,ir/frame17.pgm,0,,,false,,,,,,,21.4
far,ir,ir/frame18.pgm,1,0.9264,72.9114,true,0.1764,0.2137,52.1399,46.0664,0.5647,80.6074,65.7
far,ir,ir/frame19.pgm,0,,,false,,,,,,,22.6
far,ir,ir/frame20.pgm,1,0.9259,72.5201,true,0.1933,0.2248,50.9882,46.0178,0.5740,79.7449,68.7
far,ir,ir/frame21.pgm,0,,,false,,,,,,,23.2
far,ir,ir/frame22.pgm,1,0.9259,71.6473,true,0.1758,0.2037,50.4052,45.9116,0.5687,78.7366,69.7
far,ir,ir/frame23.pgm,0,,,false,,,,,,,23.5
frontal,rgb,rgb/rgb00.ppm,1,0.9472,165.6610,true,0.2463,0.2757,117.7865,116.1880,0.9643,183.4617,146.7
frontal,rgb,rgb/rgb01.ppm,1,0.9457,166.7240,true,0.2572,0.2969,118.9035,115.7909,0.9534,180.6242,148.0
frontal,rgb,rgb/rgb02.ppm,1,0.9465,166.8455,true,0.2558,0.2946,118.4112,115.1565,0.9572,180.6821,147.4
frontal,rgb,rgb/rgb03.ppm,1,0.9445,168.2808,true,0.2698,0.3048,118.5107,113.5545,0.9530,180.9603,147.1
frontal,rgb,rgb/rgb04.ppm,1,0.9460,168.0846,true,0.2719,0.2982,119.0091,115.6977,0.9532,181.8516,147.1
frontal,rgb,rgb/rgb05.ppm,1,0.9440,167.6261,true,0.2765,0.3069,118.5692,115.8265,0.9477,181.0009,147.2
frontal,rgb,rgb/rgb06.ppm,1,0.9450,168.0137,true,0.2682,0.2985,118.8183,115.5515,0.9455,181.9135,147.2
frontal,rgb,rgb/rgb07.ppm,1,0.9436,167.0538,true,0.2656,0.2905,118.6507,113.9832,0.9439,182.9117,147.3
frontal,ir,ir/frame00.pgm,1,0.9350,146.9147,true,0.2216,0.2465,100.6267,96.5429,0.9384,153.1456,32.9
frontal,ir,ir/frame01.pgm,0,,,false,,,,,,,1.8
frontal,ir,ir/frame02.pgm,1,0.9349,147.0155,true,0.2154,0.2469,100.4763,95.8593,0.9388,153.2683,35.0
frontal,ir,ir/frame03.pgm,0,,,false,,,,,,,3.1
frontal,ir,ir/frame04.pgm,1,0.9366,146.2740,true,0.2027,0.2204,100.5905,96.0662,0.9434,154.5591,46.6
frontal,ir,ir/frame05.pgm,0,,,false,,,,,,,4.8
frontal,ir,ir/frame06.pgm,1,0.9386,148.1453,true,0.1937,0.2306,101.3019,96.1092,0.9439,155.8083,63.3
frontal,ir,ir/frame07.pgm,0,,,false,,,,,,,5.7
frontal,ir,ir/frame08.pgm,1,0.9388,147.3926,true,0.1876,0.2221,101.0092,96.0954,0.9481,155.1430,65.9
frontal,ir,ir/frame09.pgm,0,,,false,,,,,,,6.1
frontal,ir,ir/frame10.pgm,1,0.9395,146.9956,true,0.2076,0.2264,100.0640,95.9065,0.9485,154.7997,66.5
frontal,ir,ir/frame11.pgm,0,,,false,,,,,,,6.3
frontal,ir,ir/frame12.pgm,1,0.9392,146.5935,true,0.2202,0.2339,99.6678,95.3336,0.9484,155.1779,66.8
frontal,ir,ir/frame13.pgm,0,,,false,,,,,,,6.5
frontal,ir,ir/frame14.pgm,1,0.9386,146.6057,true,0.2149,0.2383,99.6395,95.4855,0.9493,154.6159,66.8
frontal,ir,ir/frame15.pgm,0,,,false,,,,,,,6.8
frontal,ir,ir/frame16.pgm,1,0.9392,146.7689,true,0.2054,0.2445,100.1414,95.9141,0.9476,154.0417,68.2
frontal,ir,ir/frame17.pgm,0,,,false,,,,,,,7.0
frontal,ir,ir/frame18.pgm,1,0.9396,146.9791,true,0.2095,0.2452,99.9279,95.6716,0.9488,153.5334,68.8
frontal,ir,ir/frame19.pgm,0,,,false,,,,,,,7.1
frontal,ir,ir/frame20.pgm,1,0.9384,147.3081,true,0.2017,0.2387,99.9656,96.0107,0.9480,154.0137,69.0
frontal,ir,ir/frame21.pgm,0,,,false,,,,,,,7.2
frontal,ir,ir/frame22.pgm,1,0.9377,147.3792,true,0.2110,0.2449,99.9164,95.6657,0.9491,153.7385,69.2
frontal,ir,ir/frame23.pgm,0,,,false,,,,,,,7.3
glasses-on,rgb,rgb/rgb00.ppm,1,0.9255,145.7153,true,0.2849,0.2983,104.3633,97.0215,0.9528,149.6913,170.5
glasses-on,rgb,rgb/rgb01.ppm,1,0.9258,150.4278,true,0.2723,0.2787,104.0710,97.2372,0.9531,145.5807,172.6
glasses-on,rgb,rgb/rgb02.ppm,1,0.9290,142.6061,true,0.3002,0.2908,103.6530,97.5674,0.9552,152.5993,166.0
glasses-on,rgb,rgb/rgb03.ppm,1,0.9253,141.9821,true,0.3106,0.2987,101.4098,97.1548,0.9536,150.9949,161.3
glasses-on,rgb,rgb/rgb04.ppm,1,0.9237,145.5878,true,0.3046,0.3105,100.9510,96.0548,0.9551,152.0590,161.5
glasses-on,rgb,rgb/rgb05.ppm,1,0.9280,148.5413,true,0.2870,0.3157,100.9173,95.9997,0.9505,150.2785,161.9
glasses-on,rgb,rgb/rgb06.ppm,1,0.9260,145.9341,true,0.2887,0.3098,100.9788,93.9149,0.9604,149.1808,162.6
glasses-on,rgb,rgb/rgb07.ppm,1,0.9283,146.4412,true,0.3055,0.3239,102.1402,95.7122,0.9542,147.9660,162.2
glasses-on,ir,ir/frame00.pgm,1,0.9250,121.8000,true,0.2052,0.1571,87.4714,81.5891,0.9272,129.5162,96.2
glasses-on,ir,ir/frame01.pgm,0,,,false,,,,,,,17.7
glasses-on,ir,ir/frame02.pgm,1,0.9258,120.5684,true,0.1983,0.1628,87.5522,81.4826,0.9257,130.3238,94.5
glasses-on,ir,ir/frame03.pgm,0,,,false,,,,,,,18.5
glasses-on,ir,ir/frame04.pgm,1,0.9239,120.5950,true,0.2091,0.1711,88.1692,81.4254,0.9239,130.8401,93.1
glasses-on,ir,ir/frame05.pgm,0,,,false,,,,,,,18.9
glasses-on,ir,ir/frame06.pgm,1,0.9219,120.8311,true,0.2158,0.1774,88.3862,81.6979,0.9226,130.6514,92.0
glasses-on,ir,ir/frame07.pgm,0,,,false,,,,,,,19.1
glasses-on,ir,ir/frame08.pgm,1,0.9234,121.0141,true,0.2079,0.1621,87.8239,81.6015,0.9240,132.0809,91.3
glasses-on,ir,ir/frame09.pgm,0,,,false,,,,,,,19.2
glasses-on,ir,ir/frame10.pgm,1,0.9220,120.6229,true,0.2244,0.2042,87.3522,80.5909,0.9434,127.0378,90.6
glasses-on,ir,ir/frame11.pgm,0,,,false,,,,,,,19.3
glasses-on,ir,ir/frame12.pgm,1,0.9206,121.5848,true,0.2088,0.1995,88.8989,81.5871,0.9357,127.6819,90.1
glasses-on,ir,ir/frame13.pgm,0,,,false,,,,,,,19.4
glasses-on,ir,ir/frame14.pgm,1,0.9198,121.6132,true,0.2334,0.2344,88.6583,81.5062,0.9413,127.1024,89.5
glasses-on,ir,ir/frame15.pgm,0,,,false,,,,,,,19.5
glasses-on,ir,ir/frame16.pgm,1,0.9235,120.6320,true,0.1361,0.1186,88.5214,81.3830,0.9459,123.2253,89.1
glasses-on,ir,ir/frame17.pgm,0,,,false,,,,,,,19.5
glasses-on,ir,ir/frame18.pgm,1,0.9225,119.9024,true,0.1750,0.1392,87.9269,80.7559,0.9501,123.1193,88.6
glasses-on,ir,ir/frame19.pgm,0,,,false,,,,,,,19.6
glasses-on,ir,ir/frame20.pgm,1,0.9224,121.7771,true,0.2190,0.1954,87.6005,81.8099,0.9484,124.8576,88.0
glasses-on,ir,ir/frame21.pgm,0,,,false,,,,,,,19.7
glasses-on,ir,ir/frame22.pgm,1,0.9200,122.2590,true,0.1920,0.1874,87.0436,81.6411,0.9402,125.8177,87.5
glasses-on,ir,ir/frame23.pgm,0,,,false,,,,,,,19.7
sweep,rgb,rgb/rgb00.ppm,1,0.9449,140.2420,true,0.2734,0.2946,102.3853,96.6228,0.9627,152.4454,172.8
sweep,rgb,rgb/rgb01.ppm,1,0.9474,142.6227,true,0.2731,0.2902,100.2857,95.5139,0.9584,152.5954,173.5
sweep,rgb,rgb/rgb02.ppm,1,0.9418,141.3133,true,0.2274,0.2552,95.6908,91.6999,0.9571,154.7337,173.7
sweep,rgb,rgb/rgb03.ppm,1,0.9298,136.6342,true,0.2213,0.2849,80.0264,91.8464,0.9301,137.9145,173.4
sweep,rgb,rgb/rgb04.ppm,1,0.9285,125.6118,true,0.2110,0.4162,67.0887,93.1709,0.9610,128.5254,172.5
sweep,rgb,rgb/rgb05.ppm,1,0.9338,119.5614,true,0.3125,0.6668,62.6086,93.1049,0.9568,127.5189,172.2
sweep,rgb,rgb/rgb06.ppm,1,0.9260,119.6198,true,0.2785,0.5766,64.4737,93.3488,0.9667,127.0964,172.4
sweep,rgb,rgb/rgb07.ppm,1,0.9338,134.6668,true,0.2288,0.3240,81.9425,93.8919,0.9420,144.5178,173.4
sweep,ir,ir/frame00.pgm,1,0.9278,124.6246,true,0.1493,0.2362,76.5841,80.2873,0.8860,125.1680,82.3
sweep,ir,ir/frame01.pgm,0,,,false,,,,,,,18.5
sweep,ir,ir/frame02.pgm,1,0.9283,125.6685,true,0.1552,0.2332,79.2777,80.5006,0.8928,130.7365,94.2
sweep,ir,ir/frame03.pgm,0,,,false,,,,,,,18.3
sweep,ir,ir/frame04.pgm,1,0.9294,115.6931,true,0.1235,0.1822,80.7130,80.5241,0.8922,133.3859,87.7
sweep,ir,ir/frame05.pgm,0,,,false,,,,,,,18.4
sweep,ir,ir/frame06.pgm,1,0.9308,118.0955,true,0.1380,0.1643,82.6110,80.6169,0.9205,129.5972,86.7
sweep,ir,ir/frame07.pgm,0,,,false,,,,,,,18.4
sweep,ir,ir/frame08.pgm,1,0.9296,119.1987,true,0.1736,0.2208,83.0329,80.7952,0.9246,133.8689,85.9
sweep,ir,ir/frame09.pgm,0,,,false,,,,,,,18.4
sweep,ir,ir/frame10.pgm,1,0.9313,120.1106,true,0.1837,0.2181,83.8931,79.1560,0.9370,131.4630,85.1
sweep,ir,ir/frame11.pgm,0,,,false,,,,,,,18.5
sweep,ir,ir/frame12.pgm,1,0.9300,119.5145,true,0.2063,0.2191,85.0546,79.9093,0.9478,131.1656,84.5
sweep,ir,ir/frame13.pgm,0,,,false,,,,,,,18.5
sweep,ir,ir/frame14.pgm,1,0.9324,120.4611,true,0.2077,0.2088,86.2668,81.0781,0.9527,129.8198,83.9
sweep,ir,ir/frame15.pgm,0,,,false,,,,,,,18.5
sweep,ir,ir/frame16.pgm,1,0.9316,121.0573,true,0.2049,0.2105,86.2189,79.6871,0.9565,125.2842,83.3
sweep,ir,ir/frame17.pgm,0,,,false,,,,,,,18.5
sweep,ir,ir/frame18.pgm,1,0.9330,120.6043,true,0.2092,0.2078,86.0437,79.8948,0.9491,129.1802,82.8
sweep,ir,ir/frame19.pgm,0,,,false,,,,,,,18.6
sweep,ir,ir/frame20.pgm,1,0.9281,121.2009,true,0.2201,0.2214,87.2735,79.8007,0.9421,130.5030,82.4
sweep,ir,ir/frame21.pgm,0,,,false,,,,,,,18.6
sweep,ir,ir/frame22.pgm,1,0.9340,122.5878,true,0.2572,0.2372,85.1973,80.4260,0.9543,123.3735,82.0
sweep,ir,ir/frame23.pgm,0,,,false,,,,,,,18.8
