camera,segment,kind,frame,w,h,mean,yunet_n,scrfd_n,yunet_score,scrfd_score,yunet_fsize,scrfd_fsize,iou,y_x1,y_y1,y_x2,y_y2,s_x1,s_y1,s_x2,s_y2
nexigo,close,rgb,rgb/rgb00.ppm,640,480,149.2,1,1,0.9407,0.8547,240.2842,232.0837,0.9286,196.8,97.2,437.1,450.0,201.2,94.3,433.3,439.1
nexigo,close,rgb,rgb/rgb01.ppm,640,480,149.5,1,1,0.9423,0.8576,235.7395,231.0754,0.9349,198.1,94.9,433.8,447.2,202.6,98.4,433.6,434.3
nexigo,close,rgb,rgb/rgb02.ppm,640,480,149.8,1,1,0.9442,0.8691,234.4731,229.5539,0.9499,198.2,94.2,432.7,442.2,203.3,93.7,432.9,432.9
nexigo,close,rgb,rgb/rgb03.ppm,640,480,149.6,1,1,0.9415,0.8589,230.6827,231.2066,0.9594,197.5,94.3,428.2,437.4,200.1,96.0,431.3,433.4
nexigo,close,rgb,rgb/rgb04.ppm,640,480,149.8,1,1,0.9393,0.8693,233.8528,228.9597,0.9350,196.8,90.4,430.7,440.3,201.3,94.6,430.2,428.7
nexigo,close,rgb,rgb/rgb05.ppm,640,480,149.8,1,1,0.9407,0.8537,233.5758,230.9676,0.9312,197.6,94.2,431.2,444.3,201.1,100.1,432.0,432.0
nexigo,close,rgb,rgb/rgb06.ppm,640,480,149.6,1,1,0.9444,0.8517,233.2298,230.1601,0.9380,197.4,93.1,430.7,442.7,200.8,99.2,431.0,432.4
nexigo,close,rgb,rgb/rgb07.ppm,640,480,149.2,1,1,0.9403,0.8702,234.8734,226.2041,0.9354,200.2,98.9,435.1,438.9,204.9,94.2,431.1,433.5
nexigo,close,ir,ir/frame00.pgm,640,360,4.1,0,0,,,,,,,,,,,,,
nexigo,close,ir,ir/frame01.pgm,640,360,106.4,0,1,,0.7840,,210.3261,,,,,,261.0,61.2,471.3,344.7
nexigo,close,ir,ir/frame02.pgm,640,360,4.1,0,0,,,,,,,,,,,,,
nexigo,close,ir,ir/frame03.pgm,640,360,96.4,1,1,0.6367,0.7877,185.4134,207.5631,0.7886,287.2,67.7,472.6,325.6,262.6,61.2,470.1,346.4
nexigo,close,ir,ir/frame04.pgm,640,360,2.6,0,0,,,,,,,,,,,,,
nexigo,close,ir,ir/frame05.pgm,640,360,95.5,1,1,0.6683,0.7797,176.0790,207.2401,0.7264,296.4,67.5,472.4,317.6,263.2,61.3,470.5,348.1
nexigo,close,ir,ir/frame06.pgm,640,360,2.6,0,0,,,,,,,,,,,,,
nexigo,close,ir,ir/frame07.pgm,640,360,95.0,1,1,0.6746,0.7877,172.6051,207.2200,0.6843,299.7,76.6,472.3,316.2,263.3,60.9,470.5,347.3
nexigo,close,ir,ir/frame08.pgm,640,360,2.6,0,0,,,,,,,,,,,,,
nexigo,close,ir,ir/frame09.pgm,640,360,94.3,1,1,0.6226,0.7814,175.9958,203.1799,0.7335,297.0,74.8,473.0,320.6,267.2,62.5,470.4,345.1
nexigo,close,ir,ir/frame10.pgm,640,360,2.6,0,0,,,,,,,,,,,,,
nexigo,close,ir,ir/frame11.pgm,640,360,93.6,1,1,0.6479,0.8089,179.0818,204.1911,0.7601,292.9,69.9,472.0,321.2,264.9,62.0,469.1,343.7
nexigo,close,ir,ir/frame12.pgm,640,360,2.6,0,0,,,,,,,,,,,,,
nexigo,close,ir,ir/frame13.pgm,640,360,93.2,1,1,0.6922,0.8093,182.8066,203.3044,0.7644,291.9,66.6,474.7,320.8,266.0,60.6,469.3,344.0
nexigo,close,ir,ir/frame14.pgm,640,360,2.6,0,0,,,,,,,,,,,,,
nexigo,close,ir,ir/frame15.pgm,640,360,87.1,1,1,0.8489,0.8115,202.6228,210.7575,0.8823,263.7,65.1,466.3,333.5,260.1,57.1,470.8,349.6
nexigo,close,ir,ir/frame16.pgm,640,360,2.1,0,0,,,,,,,,,,,,,
nexigo,close,ir,ir/frame17.pgm,640,360,80.4,1,1,0.8928,0.8463,211.9923,214.5911,0.9358,257.5,64.6,469.5,345.8,257.0,53.7,471.6,350.5
nexigo,close,ir,ir/frame18.pgm,640,360,1.7,0,0,,,,,,,,,,,,,
nexigo,close,ir,ir/frame19.pgm,640,360,77.8,1,1,0.9001,0.8598,213.6799,213.4211,0.9527,257.4,62.2,471.1,346.1,256.9,52.0,470.4,348.5
nexigo,close,ir,ir/frame20.pgm,640,360,1.5,0,0,,,,,,,,,,,,,
nexigo,close,ir,ir/frame21.pgm,640,360,73.1,1,1,0.9067,0.8678,220.5028,211.7214,0.9265,253.2,62.1,473.7,349.3,258.8,51.9,470.6,348.7
nexigo,close,ir,ir/frame22.pgm,640,360,1.2,0,0,,,,,,,,,,,,,
nexigo,close,ir,ir/frame23.pgm,640,360,68.5,1,1,0.9121,0.8626,222.3241,212.3009,0.9239,251.8,58.7,474.1,352.6,258.6,51.6,470.9,349.5
nexigo,dusk,rgb,rgb/rgb00.ppm,640,480,113.4,1,1,0.9352,0.7929,134.8398,136.6797,0.9215,241.8,176.1,376.7,350.2,240.6,164.3,377.3,349.8
nexigo,dusk,rgb,rgb/rgb01.ppm,640,480,113.0,1,1,0.9327,0.7647,134.4297,134.5682,0.9361,243.5,168.2,377.9,343.0,242.9,159.6,377.5,341.1
nexigo,dusk,rgb,rgb/rgb02.ppm,640,480,112.4,1,1,0.9362,0.7649,131.3535,133.5198,0.9156,249.1,167.6,380.5,336.2,247.6,158.7,381.1,339.9
nexigo,dusk,rgb,rgb/rgb03.ppm,640,480,112.2,1,1,0.9400,0.7859,130.0569,133.8229,0.9051,249.6,165.8,379.6,333.7,247.5,154.3,381.4,332.8
nexigo,dusk,rgb,rgb/rgb04.ppm,640,480,112.6,1,1,0.9407,0.7387,130.0871,134.5704,0.9040,249.0,165.8,379.1,335.0,246.2,155.1,380.8,336.0
nexigo,dusk,rgb,rgb/rgb05.ppm,640,480,112.3,1,1,0.9373,0.7748,130.7487,133.9632,0.9165,248.5,165.6,379.2,334.7,247.1,155.2,381.1,334.1
nexigo,dusk,rgb,rgb/rgb06.ppm,640,480,112.4,1,1,0.9407,0.7635,129.5871,134.0014,0.9068,249.4,165.5,379.0,334.7,246.5,155.3,380.5,333.7
nexigo,dusk,rgb,rgb/rgb07.ppm,640,480,112.2,1,1,0.9410,0.7646,130.8122,134.2269,0.9122,248.7,165.8,379.5,334.8,246.9,154.6,381.2,334.4
nexigo,dusk,ir,ir/frame00.pgm,640,360,2.8,0,0,,,,,,,,,,,,,
nexigo,dusk,ir,ir/frame01.pgm,640,360,58.4,1,1,0.9385,0.8381,125.9376,122.6203,0.9072,278.6,112.2,404.6,276.3,280.4,104.8,403.0,271.8
nexigo,dusk,ir,ir/frame02.pgm,640,360,2.8,0,0,,,,,,,,,,,,,
nexigo,dusk,ir,ir/frame03.pgm,640,360,47.3,1,1,0.9372,0.8135,125.4795,121.7962,0.8931,278.8,113.3,404.2,274.6,280.9,103.0,402.7,270.8
nexigo,dusk,ir,ir/frame04.pgm,640,360,1.6,0,0,,,,,,,,,,,,,
nexigo,dusk,ir,ir/frame05.pgm,640,360,46.6,1,1,0.9372,0.8208,124.2337,121.5953,0.9167,279.1,112.8,403.3,273.3,281.5,103.8,403.1,271.3
nexigo,dusk,ir,ir/frame06.pgm,640,360,1.6,0,0,,,,,,,,,,,,,
nexigo,dusk,ir,ir/frame07.pgm,640,360,46.1,1,1,0.9370,0.8276,124.8261,121.8283,0.8963,279.4,114.1,404.3,276.5,281.3,104.5,403.1,271.9
nexigo,dusk,ir,ir/frame08.pgm,640,360,1.7,0,0,,,,,,,,,,,,,
nexigo,dusk,ir,ir/frame09.pgm,640,360,45.8,1,1,0.9391,0.8238,125.0723,121.9705,0.9054,278.7,113.4,403.8,273.0,280.8,103.3,402.8,270.7
nexigo,dusk,ir,ir/frame10.pgm,640,360,1.7,0,0,,,,,,,,,,,,,
nexigo,dusk,ir,ir/frame11.pgm,640,360,45.5,1,1,0.9388,0.8256,125.1787,121.8962,0.8970,279.0,114.2,404.2,275.2,281.1,103.5,403.0,272.2
nexigo,dusk,ir,ir/frame12.pgm,640,360,1.7,0,0,,,,,,,,,,,,,
nexigo,dusk,ir,ir/frame13.pgm,640,360,45.1,1,1,0.9379,0.8349,126.1862,121.9230,0.8983,277.8,112.6,404.0,276.0,280.7,105.2,402.6,271.1
nexigo,dusk,ir,ir/frame14.pgm,640,360,1.7,0,0,,,,,,,,,,,,,
nexigo,dusk,ir,ir/frame15.pgm,640,360,45.0,1,1,0.9399,0.8244,125.2609,121.9645,0.9002,278.5,112.8,403.8,274.5,280.9,103.5,402.9,270.7
nexigo,dusk,ir,ir/frame16.pgm,640,360,1.7,0,0,,,,,,,,,,,,,
nexigo,dusk,ir,ir/frame17.pgm,640,360,44.7,1,1,0.9402,0.8379,125.8219,121.9602,0.8912,278.6,113.6,404.4,277.3,280.7,104.1,402.7,272.6
nexigo,dusk,ir,ir/frame18.pgm,640,360,1.7,0,0,,,,,,,,,,,,,
nexigo,dusk,ir,ir/frame19.pgm,640,360,44.7,1,1,0.9386,0.8307,126.3650,122.0542,0.8906,277.7,113.7,404.1,274.5,280.9,103.0,402.9,271.5
nexigo,dusk,ir,ir/frame20.pgm,640,360,1.7,0,0,,,,,,,,,,,,,
nexigo,dusk,ir,ir/frame21.pgm,640,360,44.4,1,1,0.9395,0.8402,125.9524,122.1309,0.8919,278.7,114.0,404.7,277.3,280.7,104.7,402.8,272.5
nexigo,dusk,ir,ir/frame22.pgm,640,360,1.7,0,0,,,,,,,,,,,,,
nexigo,dusk,ir,ir/frame23.pgm,640,360,44.3,1,1,0.9386,0.8307,119.2388,121.8101,0.9167,282.9,111.6,402.1,275.2,280.9,104.6,402.7,271.3
nexigo,empty-dusk,rgb,rgb/rgb00.ppm,640,480,104.4,0,0,,,,,,,,,,,,,
nexigo,empty-dusk,rgb,rgb/rgb01.ppm,640,480,101.1,0,0,,,,,,,,,,,,,
nexigo,empty-dusk,rgb,rgb/rgb02.ppm,640,480,101.0,0,0,,,,,,,,,,,,,
nexigo,empty-dusk,rgb,rgb/rgb03.ppm,640,480,101.0,0,0,,,,,,,,,,,,,
nexigo,empty-dusk,rgb,rgb/rgb04.ppm,640,480,100.9,0,0,,,,,,,,,,,,,
nexigo,empty-dusk,rgb,rgb/rgb05.ppm,640,480,101.0,0,0,,,,,,,,,,,,,
nexigo,empty-dusk,rgb,rgb/rgb06.ppm,640,480,100.8,0,0,,,,,,,,,,,,,
nexigo,empty-dusk,rgb,rgb/rgb07.ppm,640,480,100.8,0,0,,,,,,,,,,,,,
nexigo,empty-dusk,ir,ir/frame00.pgm,640,360,3.7,0,0,,,,,,,,,,,,,
nexigo,empty-dusk,ir,ir/frame01.pgm,640,360,34.3,0,0,,,,,,,,,,,,,
nexigo,empty-dusk,ir,ir/frame02.pgm,640,360,3.7,0,0,,,,,,,,,,,,,
nexigo,empty-dusk,ir,ir/frame03.pgm,640,360,24.6,0,0,,,,,,,,,,,,,
nexigo,empty-dusk,ir,ir/frame04.pgm,640,360,2.4,0,0,,,,,,,,,,,,,
nexigo,empty-dusk,ir,ir/frame05.pgm,640,360,24.1,0,0,,,,,,,,,,,,,
nexigo,empty-dusk,ir,ir/frame06.pgm,640,360,2.4,0,0,,,,,,,,,,,,,
nexigo,empty-dusk,ir,ir/frame07.pgm,640,360,23.9,0,0,,,,,,,,,,,,,
nexigo,empty-dusk,ir,ir/frame08.pgm,640,360,2.4,0,0,,,,,,,,,,,,,
nexigo,empty-dusk,ir,ir/frame09.pgm,640,360,38.2,0,0,,,,,,,,,,,,,
nexigo,empty-dusk,ir,ir/frame10.pgm,640,360,4.1,0,0,,,,,,,,,,,,,
nexigo,empty-dusk,ir,ir/frame11.pgm,640,360,49.2,0,0,,,,,,,,,,,,,
nexigo,empty-dusk,ir,ir/frame12.pgm,640,360,5.5,0,0,,,,,,,,,,,,,
nexigo,empty-dusk,ir,ir/frame13.pgm,640,360,59.5,0,0,,,,,,,,,,,,,
nexigo,empty-dusk,ir,ir/frame14.pgm,640,360,6.9,0,0,,,,,,,,,,,,,
nexigo,empty-dusk,ir,ir/frame15.pgm,640,360,65.9,0,0,,,,,,,,,,,,,
nexigo,empty-dusk,ir,ir/frame16.pgm,640,360,7.9,0,0,,,,,,,,,,,,,
nexigo,empty-dusk,ir,ir/frame17.pgm,640,360,72.2,0,0,,,,,,,,,,,,,
nexigo,empty-dusk,ir,ir/frame18.pgm,640,360,8.9,0,0,,,,,,,,,,,,,
nexigo,empty-dusk,ir,ir/frame19.pgm,640,360,72.0,0,0,,,,,,,,,,,,,
nexigo,empty-dusk,ir,ir/frame20.pgm,640,360,8.9,0,0,,,,,,,,,,,,,
nexigo,empty-dusk,ir,ir/frame21.pgm,640,360,71.7,0,0,,,,,,,,,,,,,
nexigo,empty-dusk,ir,ir/frame22.pgm,640,360,8.9,0,0,,,,,,,,,,,,,
nexigo,empty-dusk,ir,ir/frame23.pgm,640,360,71.6,0,0,,,,,,,,,,,,,
nexigo,empty-lit,rgb,rgb/rgb00.ppm,640,480,95.3,0,0,,,,,,,,,,,,,
nexigo,empty-lit,rgb,rgb/rgb01.ppm,640,480,93.7,0,0,,,,,,,,,,,,,
nexigo,empty-lit,rgb,rgb/rgb02.ppm,640,480,93.5,0,0,,,,,,,,,,,,,
nexigo,empty-lit,rgb,rgb/rgb03.ppm,640,480,93.4,0,0,,,,,,,,,,,,,
nexigo,empty-lit,rgb,rgb/rgb04.ppm,640,480,93.4,0,0,,,,,,,,,,,,,
nexigo,empty-lit,rgb,rgb/rgb05.ppm,640,480,93.3,0,0,,,,,,,,,,,,,
nexigo,empty-lit,rgb,rgb/rgb06.ppm,640,480,93.3,0,0,,,,,,,,,,,,,
nexigo,empty-lit,rgb,rgb/rgb07.ppm,640,480,93.2,0,0,,,,,,,,,,,,,
nexigo,empty-lit,ir,ir/frame00.pgm,640,360,12.3,0,0,,,,,,,,,,,,,
nexigo,empty-lit,ir,ir/frame01.pgm,640,360,83.1,0,0,,,,,,,,,,,,,
nexigo,empty-lit,ir,ir/frame02.pgm,640,360,12.3,0,0,,,,,,,,,,,,,
nexigo,empty-lit,ir,ir/frame03.pgm,640,360,73.3,0,0,,,,,,,,,,,,,
nexigo,empty-lit,ir,ir/frame04.pgm,640,360,9.2,0,0,,,,,,,,,,,,,
nexigo,empty-lit,ir,ir/frame05.pgm,640,360,72.2,0,0,,,,,,,,,,,,,
nexigo,empty-lit,ir,ir/frame06.pgm,640,360,9.2,0,0,,,,,,,,,,,,,
nexigo,empty-lit,ir,ir/frame07.pgm,640,360,71.8,0,0,,,,,,,,,,,,,
nexigo,empty-lit,ir,ir/frame08.pgm,640,360,9.2,0,0,,,,,,,,,,,,,
nexigo,empty-lit,ir,ir/frame09.pgm,640,360,71.2,0,0,,,,,,,,,,,,,
nexigo,empty-lit,ir,ir/frame10.pgm,640,360,9.2,0,0,,,,,,,,,,,,,
nexigo,empty-lit,ir,ir/frame11.pgm,640,360,70.7,0,0,,,,,,,,,,,,,
nexigo,empty-lit,ir,ir/frame12.pgm,640,360,9.2,0,0,,,,,,,,,,,,,
nexigo,empty-lit,ir,ir/frame13.pgm,640,360,70.4,0,0,,,,,,,,,,,,,
nexigo,empty-lit,ir,ir/frame14.pgm,640,360,9.2,0,0,,,,,,,,,,,,,
nexigo,empty-lit,ir,ir/frame15.pgm,640,360,70.1,0,0,,,,,,,,,,,,,
nexigo,empty-lit,ir,ir/frame16.pgm,640,360,9.2,0,0,,,,,,,,,,,,,
nexigo,empty-lit,ir,ir/frame17.pgm,640,360,69.8,0,0,,,,,,,,,,,,,
nexigo,empty-lit,ir,ir/frame18.pgm,640,360,9.2,0,0,,,,,,,,,,,,,
nexigo,empty-lit,ir,ir/frame19.pgm,640,360,69.6,0,0,,,,,,,,,,,,,
nexigo,empty-lit,ir,ir/frame20.pgm,640,360,9.2,0,0,,,,,,,,,,,,,
nexigo,empty-lit,ir,ir/frame21.pgm,640,360,69.3,0,0,,,,,,,,,,,,,
nexigo,empty-lit,ir,ir/frame22.pgm,640,360,9.2,0,0,,,,,,,,,,,,,
nexigo,empty-lit,ir,ir/frame23.pgm,640,360,69.2,0,0,,,,,,,,,,,,,
nexigo,far,rgb,rgb/rgb00.ppm,640,480,106.7,1,1,0.9040,0.7673,81.1989,83.2458,0.9065,266.7,170.3,347.9,269.1,266.3,164.4,349.5,267.6
nexigo,far,rgb,rgb/rgb01.ppm,640,480,104.6,1,1,0.9039,0.7742,85.3398,82.9716,0.8945,264.6,170.3,350.0,271.7,265.8,164.0,348.7,269.3
nexigo,far,rgb,rgb/rgb02.ppm,640,480,104.1,1,1,0.9055,0.7730,83.2846,83.2408,0.9089,266.5,170.3,349.7,271.2,266.1,164.5,349.3,268.3
nexigo,far,rgb,rgb/rgb03.ppm,640,480,104.1,1,1,0.9091,0.7820,83.4623,82.3938,0.9139,267.4,169.0,350.9,271.7,267.4,162.4,349.8,270.3
nexigo,far,rgb,rgb/rgb04.ppm,640,480,104.0,1,1,0.9073,0.7670,84.0991,83.2650,0.9044,267.2,168.9,351.3,272.3,267.1,162.7,350.3,269.2
nexigo,far,rgb,rgb/rgb05.ppm,640,480,103.9,1,1,0.9070,0.7689,82.8062,83.7888,0.9089,268.3,168.9,351.1,271.8,266.9,164.1,350.6,269.0
nexigo,far,rgb,rgb/rgb06.ppm,640,480,103.9,1,1,0.9100,0.7695,81.7781,84.4700,0.9104,269.8,167.8,351.5,270.1,266.6,163.8,351.1,268.7
nexigo,far,rgb,rgb/rgb07.ppm,640,480,103.7,1,1,0.9075,0.7676,82.2208,82.1159,0.8815,270.6,169.9,352.9,270.9,269.2,161.8,351.3,269.5
nexigo,far,ir,ir/frame00.pgm,640,360,3.5,0,0,,,,,,,,,,,,,
nexigo,far,ir,ir/frame01.pgm,640,360,20.3,1,1,0.9309,0.8616,76.9595,74.7310,0.8978,292.1,114.1,369.0,213.2,294.3,111.6,369.0,207.9
nexigo,far,ir,ir/frame02.pgm,640,360,3.5,0,0,,,,,,,,,,,,,
nexigo,far,ir,ir/frame03.pgm,640,360,30.6,1,1,0.9308,0.8593,76.1668,75.2918,0.9047,293.0,115.7,369.1,213.4,293.7,111.5,368.9,208.9
nexigo,far,ir,ir/frame04.pgm,640,360,5.4,0,0,,,,,,,,,,,,,
nexigo,far,ir,ir/frame05.pgm,640,360,41.0,1,1,0.9297,0.8545,73.8045,75.8034,0.9168,294.5,116.1,368.3,212.0,293.0,111.9,368.8,210.4
nexigo,far,ir,ir/frame06.pgm,640,360,7.4,0,0,,,,,,,,,,,,,
nexigo,far,ir,ir/frame07.pgm,640,360,54.1,1,1,0.9301,0.8600,73.9289,75.6833,0.8903,294.4,117.9,368.3,212.1,293.4,111.2,369.0,209.8
nexigo,far,ir,ir/frame08.pgm,640,360,9.7,0,0,,,,,,,,,,,,,
nexigo,far,ir,ir/frame09.pgm,640,360,60.4,1,1,0.9319,0.8497,74.0021,76.0313,0.8902,293.9,118.0,367.9,212.1,293.3,111.3,369.3,210.1
nexigo,far,ir,ir/frame10.pgm,640,360,11.0,0,0,,,,,,,,,,,,,
nexigo,far,ir,ir/frame11.pgm,640,360,64.2,1,1,0.9307,0.8465,72.6035,76.0584,0.8735,294.9,117.8,367.5,212.3,293.2,111.2,369.2,210.2
nexigo,far,ir,ir/frame12.pgm,640,360,11.7,0,0,,,,,,,,,,,,,
nexigo,far,ir,ir/frame13.pgm,640,360,68.0,1,1,0.9327,0.8461,74.2262,75.7450,0.8895,294.0,117.8,368.3,213.0,293.7,110.4,369.5,210.8
nexigo,far,ir,ir/frame14.pgm,640,360,12.5,0,0,,,,,,,,,,,,,
nexigo,far,ir,ir/frame15.pgm,640,360,71.7,1,1,0.9326,0.8443,73.1672,76.1058,0.8827,294.3,118.4,367.5,212.6,293.0,111.7,369.1,211.1
nexigo,far,ir,ir/frame16.pgm,640,360,13.2,0,0,,,,,,,,,,,,,
nexigo,far,ir,ir/frame17.pgm,640,360,75.2,1,1,0.9313,0.8510,73.6592,75.5858,0.8965,294.1,117.5,367.8,212.7,293.3,111.7,368.9,210.4
nexigo,far,ir,ir/frame18.pgm,640,360,13.9,0,0,,,,,,,,,,,,,
nexigo,far,ir,ir/frame19.pgm,640,360,78.8,1,1,0.9317,0.8334,75.5361,77.2938,0.8857,293.5,117.7,369.1,214.8,292.4,111.6,369.7,211.1
nexigo,far,ir,ir/frame20.pgm,640,360,14.8,0,0,,,,,,,,,,,,,
nexigo,far,ir,ir/frame21.pgm,640,360,78.5,1,1,0.9304,0.8354,72.7444,77.1464,0.8665,294.8,118.2,367.5,212.3,292.2,111.8,369.4,210.4
nexigo,far,ir,ir/frame22.pgm,640,360,14.8,0,0,,,,,,,,,,,,,
nexigo,far,ir,ir/frame23.pgm,640,360,81.8,1,1,0.9313,0.8374,73.6710,76.5254,0.8654,294.5,119.5,368.2,212.8,292.9,111.6,369.4,210.4
nexigo,frontal,rgb,rgb/rgb00.ppm,640,480,119.2,1,1,0.9418,0.8170,138.6236,138.2204,0.9352,261.0,161.5,399.6,355.2,261.8,157.5,400.0,348.2
nexigo,frontal,rgb,rgb/rgb01.ppm,640,480,119.4,1,1,0.9427,0.8092,140.6082,138.1494,0.9102,251.7,159.0,392.3,341.5,255.5,148.8,393.7,340.8
nexigo,frontal,rgb,rgb/rgb02.ppm,640,480,119.5,1,1,0.9429,0.8370,138.7592,137.1112,0.9186,253.1,156.8,391.8,336.2,256.1,147.6,393.2,337.0
nexigo,frontal,rgb,rgb/rgb03.ppm,640,480,119.7,1,1,0.9435,0.8391,138.2029,136.4526,0.9098,253.5,158.0,391.7,335.9,256.1,147.5,392.6,338.5
nexigo,frontal,rgb,rgb/rgb04.ppm,640,480,119.2,1,1,0.9427,0.8346,138.1060,137.2749,0.9039,253.2,157.7,391.3,336.9,255.9,147.7,393.2,339.7
nexigo,frontal,rgb,rgb/rgb05.ppm,640,480,119.1,1,1,0.9436,0.8304,140.0797,137.0945,0.9171,252.6,157.9,392.7,338.3,256.5,148.7,393.6,338.8
nexigo,frontal,rgb,rgb/rgb06.ppm,640,480,119.1,1,1,0.9430,0.8238,139.8836,137.2866,0.9199,253.2,158.4,393.1,339.8,256.5,148.1,393.8,339.9
nexigo,frontal,rgb,rgb/rgb07.ppm,640,480,119.2,1,1,0.9442,0.8067,141.4662,137.0848,0.9234,252.6,158.3,394.1,342.0,256.9,149.1,394.0,342.2
nexigo,frontal,ir,ir/frame00.pgm,640,360,5.9,0,0,,,,,,,,,,,,,
nexigo,frontal,ir,ir/frame01.pgm,640,360,67.2,1,1,0.9350,0.8656,129.0393,128.3363,0.9347,287.7,107.9,416.8,280.3,288.9,101.9,417.2,276.7
nexigo,frontal,ir,ir/frame02.pgm,640,360,5.9,0,0,,,,,,,,,,,,,
nexigo,frontal,ir,ir/frame03.pgm,640,360,55.7,1,1,0.9363,0.8643,128.8033,126.9332,0.9353,288.0,108.6,416.8,279.3,289.4,102.3,416.4,276.5
nexigo,frontal,ir,ir/frame04.pgm,640,360,3.9,0,0,,,,,,,,,,,,,
nexigo,frontal,ir,ir/frame05.pgm,640,360,54.8,1,1,0.9354,0.8625,128.8491,126.5345,0.9329,287.4,108.2,416.3,278.7,289.3,101.8,415.8,276.2
nexigo,frontal,ir,ir/frame06.pgm,640,360,3.9,0,0,,,,,,,,,,,,,
nexigo,frontal,ir,ir/frame07.pgm,640,360,54.5,1,1,0.9376,0.8596,128.9218,127.1645,0.9398,287.4,107.2,416.3,278.9,289.0,101.8,416.2,275.8
nexigo,frontal,ir,ir/frame08.pgm,640,360,3.9,0,0,,,,,,,,,,,,,
nexigo,frontal,ir,ir/frame09.pgm,640,360,54.0,1,1,0.9379,0.8596,129.0364,127.0421,0.9297,287.4,108.1,416.4,279.1,289.0,101.4,416.1,275.8
nexigo,frontal,ir,ir/frame10.pgm,640,360,3.9,0,0,,,,,,,,,,,,,
nexigo,frontal,ir,ir/frame11.pgm,640,360,53.6,1,1,0.9351,0.8680,129.0103,127.3770,0.9370,287.0,106.8,416.0,279.9,288.6,101.1,416.0,276.4
nexigo,frontal,ir,ir/frame12.pgm,640,360,3.9,0,0,,,,,,,,,,,,,
nexigo,frontal,ir,ir/frame13.pgm,640,360,53.4,1,1,0.9358,0.8625,129.2778,127.0769,0.9328,287.2,107.9,416.5,279.5,288.7,101.8,415.8,276.4
nexigo,frontal,ir,ir/frame14.pgm,640,360,3.9,0,0,,,,,,,,,,,,,
nexigo,frontal,ir,ir/frame15.pgm,640,360,53.2,1,1,0.9348,0.8673,129.2821,127.2352,0.9369,287.5,107.2,416.8,279.3,288.7,101.7,415.9,276.1
nexigo,frontal,ir,ir/frame16.pgm,640,360,3.9,0,0,,,,,,,,,,,,,
nexigo,frontal,ir,ir/frame17.pgm,640,360,52.9,1,1,0.9368,0.8609,128.5137,126.6082,0.9378,287.5,106.8,416.0,279.1,289.3,101.0,416.0,276.3
nexigo,frontal,ir,ir/frame18.pgm,640,360,3.9,0,0,,,,,,,,,,,,,
nexigo,frontal,ir,ir/frame19.pgm,640,360,52.8,1,1,0.9362,0.8652,128.1543,126.8454,0.9408,287.5,106.8,415.7,279.6,288.8,100.8,415.7,276.7
nexigo,frontal,ir,ir/frame20.pgm,640,360,3.9,0,0,,,,,,,,,,,,,
nexigo,frontal,ir,ir/frame21.pgm,640,360,52.5,1,1,0.9365,0.8624,128.7633,127.0637,0.9348,287.8,107.6,416.6,279.7,289.4,101.3,416.4,276.5
nexigo,frontal,ir,ir/frame22.pgm,640,360,3.9,0,0,,,,,,,,,,,,,
nexigo,frontal,ir,ir/frame23.pgm,640,360,52.4,1,1,0.9356,0.8592,128.2055,127.5199,0.9233,287.4,107.6,415.6,279.6,289.2,101.3,416.7,276.0
nexigo,glasses-on,rgb,rgb/rgb00.ppm,640,480,117.1,1,1,0.9313,0.8066,133.5416,137.5165,0.9145,276.5,168.8,410.0,345.5,275.0,159.2,412.5,346.8
nexigo,glasses-on,rgb,rgb/rgb01.ppm,640,480,117.6,1,1,0.9320,0.8060,139.3739,139.5139,0.9480,272.6,169.1,412.0,350.9,272.8,162.0,412.3,348.9
nexigo,glasses-on,rgb,rgb/rgb02.ppm,640,480,117.6,1,1,0.9323,0.8057,141.1166,137.4294,0.9300,271.6,167.2,412.7,354.2,274.4,163.2,411.9,349.4
nexigo,glasses-on,rgb,rgb/rgb03.ppm,640,480,117.7,1,1,0.9358,0.7891,138.5594,137.6419,0.9278,273.1,168.3,411.6,353.8,274.8,164.1,412.5,347.6
nexigo,glasses-on,rgb,rgb/rgb04.ppm,640,480,117.7,1,1,0.9352,0.7793,139.5776,138.0109,0.9395,272.5,168.5,412.1,354.3,274.3,163.3,412.3,350.5
nexigo,glasses-on,rgb,rgb/rgb05.ppm,640,480,117.6,1,1,0.9372,0.8060,138.3807,137.3963,0.9387,275.1,168.7,413.5,353.8,275.3,164.3,412.7,347.8
nexigo,glasses-on,rgb,rgb/rgb06.ppm,640,480,117.6,1,1,0.9359,0.7938,138.7462,137.8602,0.9443,274.0,168.1,412.8,356.8,275.5,163.8,413.4,353.0
nexigo,glasses-on,rgb,rgb/rgb07.ppm,640,480,117.6,1,1,0.9375,0.8045,137.9089,137.2151,0.9356,274.8,169.6,412.7,355.9,275.9,162.2,413.1,352.6
nexigo,glasses-on,ir,ir/frame00.pgm,640,360,6.2,0,0,,,,,,,,,,,,,
nexigo,glasses-on,ir,ir/frame01.pgm,640,360,69.7,1,1,0.9220,0.8303,128.3293,128.8294,0.9114,308.2,121.4,436.5,285.3,308.6,111.5,437.4,281.4
nexigo,glasses-on,ir,ir/frame02.pgm,640,360,6.1,0,0,,,,,,,,,,,,,
nexigo,glasses-on,ir,ir/frame03.pgm,640,360,58.8,1,1,0.9196,0.8514,126.6565,130.2867,0.9248,310.1,110.8,436.7,279.1,308.5,105.9,438.8,275.5
nexigo,glasses-on,ir,ir/frame04.pgm,640,360,4.0,0,0,,,,,,,,,,,,,
nexigo,glasses-on,ir,ir/frame05.pgm,640,360,58.7,1,1,0.9233,0.8380,125.1941,131.8087,0.9177,307.9,107.0,433.1,275.2,305.6,101.2,437.4,275.1
nexigo,glasses-on,ir,ir/frame06.pgm,640,360,4.0,0,0,,,,,,,,,,,,,
nexigo,glasses-on,ir,ir/frame07.pgm,640,360,55.3,1,1,0.9183,0.8631,130.3572,130.7256,0.9323,304.6,108.3,435.0,282.9,305.5,104.8,436.2,277.0
nexigo,glasses-on,ir,ir/frame08.pgm,640,360,3.7,0,0,,,,,,,,,,,,,
nexigo,glasses-on,ir,ir/frame09.pgm,640,360,54.6,1,1,0.9171,0.8685,130.1033,130.2467,0.9164,303.7,114.6,433.8,283.8,304.5,107.4,434.7,278.1
nexigo,glasses-on,ir,ir/frame10.pgm,640,360,3.7,0,0,,,,,,,,,,,,,
nexigo,glasses-on,ir,ir/frame11.pgm,640,360,53.8,1,1,0.9238,0.8448,132.3861,130.0025,0.9083,301.9,120.0,434.3,285.3,303.4,110.1,433.4,281.9
nexigo,glasses-on,ir,ir/frame12.pgm,640,360,3.7,0,0,,,,,,,,,,,,,
nexigo,glasses-on,ir,ir/frame13.pgm,640,360,53.3,1,1,0.9195,0.8487,130.7570,129.9560,0.9084,302.2,116.9,433.0,287.3,304.2,111.2,434.1,280.7
nexigo,glasses-on,ir,ir/frame14.pgm,640,360,3.7,0,0,,,,,,,,,,,,,
nexigo,glasses-on,ir,ir/frame15.pgm,640,360,52.8,1,1,0.9195,0.8425,129.9779,129.4694,0.8812,304.8,125.9,434.8,284.2,305.6,110.8,435.1,279.8
nexigo,glasses-on,ir,ir/frame16.pgm,640,360,3.7,0,0,,,,,,,,,,,,,
nexigo,glasses-on,ir,ir/frame17.pgm,640,360,52.5,1,1,0.9232,0.8458,129.7730,129.7167,0.9057,305.0,121.0,434.8,284.5,304.8,109.4,434.5,280.1
nexigo,glasses-on,ir,ir/frame18.pgm,640,360,3.7,0,0,,,,,,,,,,,,,
nexigo,glasses-on,ir,ir/frame19.pgm,640,360,52.2,1,1,0.9199,0.8552,131.3700,128.7707,0.8798,303.2,124.3,434.6,283.0,305.4,109.0,434.2,280.3
nexigo,glasses-on,ir,ir/frame20.pgm,640,360,3.8,0,0,,,,,,,,,,,,,
nexigo,glasses-on,ir,ir/frame21.pgm,640,360,51.7,1,1,0.9234,0.8262,127.2217,128.7782,0.8782,305.4,123.0,432.6,288.8,306.2,112.9,435.0,281.1
nexigo,glasses-on,ir,ir/frame22.pgm,640,360,3.8,0,0,,,,,,,,,,,,,
nexigo,glasses-on,ir,ir/frame23.pgm,640,360,51.6,1,1,0.9199,0.8296,128.9511,128.4337,0.8893,305.7,121.8,434.6,287.9,307.4,112.8,435.8,281.0
nexigo,sweep,rgb,rgb/rgb00.ppm,640,480,119.5,1,1,0.9430,0.7908,139.7298,138.0347,0.9167,255.4,164.3,395.2,348.3,258.8,159.1,396.8,344.0
nexigo,sweep,rgb,rgb/rgb01.ppm,640,480,119.4,1,1,0.9295,0.7273,121.1437,128.6334,0.8851,310.4,164.8,431.5,339.3,302.7,154.4,431.3,339.1
nexigo,sweep,rgb,rgb/rgb02.ppm,640,480,119.4,1,1,0.9295,0.7812,136.5733,135.4774,0.9382,244.8,163.2,381.4,347.6,245.1,157.6,380.6,342.9
nexigo,sweep,rgb,rgb/rgb03.ppm,640,480,119.5,1,1,0.9434,0.8104,134.3631,137.3080,0.9240,253.6,163.3,387.9,338.5,253.4,153.2,390.7,338.8
nexigo,sweep,rgb,rgb/rgb04.ppm,640,480,120.4,1,1,0.9385,0.7608,132.6842,136.2971,0.8919,263.5,158.1,396.2,326.1,261.9,153.2,398.2,316.3
nexigo,sweep,rgb,rgb/rgb05.ppm,640,480,118.9,1,1,0.9430,0.7703,144.3971,139.7247,0.9090,253.7,168.5,398.1,366.4,258.1,164.0,397.8,358.5
nexigo,sweep,rgb,rgb/rgb06.ppm,640,480,119.2,1,1,0.9269,0.7723,122.3197,129.4536,0.8638,307.5,164.6,429.8,338.5,300.7,154.3,430.2,332.7
nexigo,sweep,rgb,rgb/rgb07.ppm,640,480,119.3,1,1,0.9402,0.7659,136.0933,139.3183,0.9006,275.9,163.2,412.0,339.0,270.2,155.0,409.6,339.2
nexigo,sweep,ir,ir/frame00.pgm,640,360,15.9,0,0,,,,,,,,,,,,,
nexigo,sweep,ir,ir/frame01.pgm,640,360,128.4,0,1,,0.5712,,131.2807,,,,,,269.5,106.0,400.8,282.3
nexigo,sweep,ir,ir/frame02.pgm,640,360,15.9,0,0,,,,,,,,,,,,,
nexigo,sweep,ir,ir/frame03.pgm,640,360,112.1,1,1,0.6248,0.7270,102.7486,128.9722,0.6132,272.4,139.2,375.1,275.9,270.1,105.2,399.1,282.8
nexigo,sweep,ir,ir/frame04.pgm,640,360,10.8,0,0,,,,,,,,,,,,,
nexigo,sweep,ir,ir/frame05.pgm,640,360,102.4,1,1,0.7137,0.7701,104.3587,127.1074,0.6633,272.1,136.5,376.4,275.7,270.5,109.4,397.6,281.7
nexigo,sweep,ir,ir/frame06.pgm,640,360,9.4,0,0,,,,,,,,,,,,,
nexigo,sweep,ir,ir/frame07.pgm,640,360,92.9,1,1,0.8381,0.7746,111.3783,126.7866,0.7453,269.3,132.3,380.7,279.5,270.1,110.2,396.8,281.6
nexigo,sweep,ir,ir/frame08.pgm,640,360,8.1,0,0,,,,,,,,,,,,,
nexigo,sweep,ir,ir/frame09.pgm,640,360,87.4,1,1,0.8466,0.7533,115.5770,123.8027,0.7797,268.2,129.4,383.8,277.7,270.2,110.6,394.0,282.8
nexigo,sweep,ir,ir/frame10.pgm,640,360,7.5,0,0,,,,,,,,,,,,,
nexigo,sweep,ir,ir/frame11.pgm,640,360,79.3,1,1,0.8837,0.7669,121.1644,124.0094,0.8586,267.2,122.7,388.4,278.9,269.7,110.8,393.7,281.7
nexigo,sweep,ir,ir/frame12.pgm,640,360,6.5,0,0,,,,,,,,,,,,,
nexigo,sweep,ir,ir/frame13.pgm,640,360,73.4,1,1,0.8674,0.7319,119.4429,124.3174,0.8357,264.8,123.7,384.2,278.1,267.4,111.2,391.7,281.4
nexigo,sweep,ir,ir/frame14.pgm,640,360,5.8,0,0,,,,,,,,,,,,,
nexigo,sweep,ir,ir/frame15.pgm,640,360,70.2,1,1,0.8600,0.6929,117.3608,121.6861,0.8150,261.1,121.9,378.4,279.1,267.2,112.7,388.9,280.9
nexigo,sweep,ir,ir/frame16.pgm,640,360,5.5,0,0,,,,,,,,,,,,,
nexigo,sweep,ir,ir/frame17.pgm,640,360,64.2,1,1,0.8812,0.6996,120.2108,122.2188,0.9456,264.7,120.8,384.9,281.4,262.9,114.5,385.1,281.6
nexigo,sweep,ir,ir/frame18.pgm,640,360,4.8,0,0,,,,,,,,,,,,,
nexigo,sweep,ir,ir/frame19.pgm,640,360,61.0,1,1,0.8902,0.7227,114.5252,122.0306,0.8733,264.0,121.9,378.5,278.8,259.9,113.2,381.9,281.8
nexigo,sweep,ir,ir/frame20.pgm,640,360,4.5,0,0,,,,,,,,,,,,,
nexigo,sweep,ir,ir/frame21.pgm,640,360,57.7,1,1,0.8926,0.7113,111.8357,121.1267,0.8212,261.2,129.2,373.1,278.2,259.5,113.9,380.6,281.4
nexigo,sweep,ir,ir/frame22.pgm,640,360,4.1,0,0,,,,,,,,,,,,,
nexigo,sweep,ir,ir/frame23.pgm,640,360,54.9,1,1,0.8945,0.7255,112.5631,119.1013,0.8350,262.4,128.0,374.9,276.7,259.2,112.9,378.3,281.1
zenbook,close,rgb,rgb/rgb00.ppm,640,480,136.1,1,1,0.9248,0.7774,268.2414,291.8542,0.8739,213.4,68.5,481.6,473.7,199.6,56.5,491.5,482.6
zenbook,close,rgb,rgb/rgb01.ppm,640,480,135.7,1,1,0.9229,0.7758,271.2596,287.5445,0.9139,212.1,66.8,483.4,474.4,203.5,60.8,491.0,481.5
zenbook,close,rgb,rgb/rgb02.ppm,640,480,136.9,1,1,0.9255,0.7969,271.6534,286.6945,0.9030,211.5,72.7,483.1,475.1,204.7,58.6,491.4,480.9
zenbook,close,rgb,rgb/rgb03.ppm,640,480,136.8,1,1,0.9270,0.7875,272.5425,285.0108,0.9005,212.7,73.1,485.3,469.6,205.6,59.7,490.6,480.7
zenbook,close,rgb,rgb/rgb04.ppm,640,480,136.8,1,1,0.9226,0.8038,276.8391,284.2068,0.9650,211.8,67.1,488.7,479.0,206.0,64.5,490.2,480.2
zenbook,close,rgb,rgb/rgb05.ppm,640,480,137.2,1,1,0.9244,0.8045,272.3176,281.4269,0.9551,212.7,69.0,485.0,476.2,208.1,65.0,489.5,477.5
zenbook,close,rgb,rgb/rgb06.ppm,640,480,137.4,1,1,0.9269,0.7991,268.9600,283.3741,0.9164,212.2,67.7,481.2,469.9,206.8,60.7,490.2,477.3
zenbook,close,rgb,rgb/rgb07.ppm,640,480,137.7,1,1,0.9272,0.8052,277.1646,281.4382,0.9355,212.9,72.9,490.0,460.9,207.5,65.8,488.9,471.1
zenbook,close,ir,ir/frame00.pgm,640,400,146.8,0,1,,0.7508,,244.4694,,,,,,166.8,74.7,411.3,400.3
zenbook,close,ir,ir/frame01.pgm,640,400,5.8,0,0,,,,,,,,,,,,,
zenbook,close,ir,ir/frame02.pgm,640,400,145.6,0,1,,0.7402,,245.7894,,,,,,165.6,74.3,411.4,400.6
zenbook,close,ir,ir/frame03.pgm,640,400,6.0,0,0,,,,,,,,,,,,,
zenbook,close,ir,ir/frame04.pgm,640,400,136.6,1,1,0.8167,0.7854,257.5586,240.7378,0.8516,161.1,55.9,418.7,411.0,170.6,69.2,411.3,392.7
zenbook,close,ir,ir/frame05.pgm,640,400,5.7,0,0,,,,,,,,,,,,,
zenbook,close,ir,ir/frame06.pgm,640,400,123.5,1,1,0.8494,0.8064,267.2626,242.8957,0.8292,160.4,55.0,427.6,417.8,169.8,63.3,412.7,394.3
zenbook,close,ir,ir/frame07.pgm,640,400,5.3,0,0,,,,,,,,,,,,,
zenbook,close,ir,ir/frame08.pgm,640,400,112.5,1,1,0.8807,0.8161,269.6546,246.4974,0.8365,155.0,59.9,424.7,428.2,168.5,62.8,415.0,399.9
zenbook,close,ir,ir/frame09.pgm,640,400,4.8,0,0,,,,,,,,,,,,,
zenbook,close,ir,ir/frame10.pgm,640,400,98.8,1,1,0.9230,0.8291,258.3299,243.5211,0.8947,160.8,75.5,419.2,415.3,170.7,70.5,414.2,402.4
zenbook,close,ir,ir/frame11.pgm,640,400,4.3,0,0,,,,,,,,,,,,,
zenbook,close,ir,ir/frame12.pgm,640,400,86.8,1,1,0.9327,0.8378,254.7218,240.8570,0.8871,161.6,79.3,416.3,417.0,172.9,73.3,413.8,401.5
zenbook,close,ir,ir/frame13.pgm,640,400,3.9,0,0,,,,,,,,,,,,,
zenbook,close,ir,ir/frame14.pgm,640,400,78.5,1,1,0.9362,0.8387,250.8319,241.1971,0.8925,164.6,79.3,415.4,417.3,172.0,71.2,413.2,400.2
zenbook,close,ir,ir/frame15.pgm,640,400,3.5,0,0,,,,,,,,,,,,,
zenbook,close,ir,ir/frame16.pgm,640,400,67.2,1,1,0.9383,0.8519,248.9516,239.2373,0.8908,165.3,73.9,414.3,417.9,172.4,66.2,411.6,399.6
zenbook,close,ir,ir/frame17.pgm,640,400,3.3,0,0,,,,,,,,,,,,,
zenbook,close,ir,ir/frame18.pgm,640,400,63.9,1,1,0.9392,0.8481,247.6369,239.1045,0.9007,166.9,73.0,414.5,419.6,173.3,68.6,412.4,400.2
zenbook,close,ir,ir/frame19.pgm,640,400,3.1,0,0,,,,,,,,,,,,,
zenbook,close,ir,ir/frame20.pgm,640,400,60.4,1,1,0.9388,0.8549,247.1407,238.9960,0.9025,167.7,74.8,414.8,415.6,173.4,67.6,412.4,399.3
zenbook,close,ir,ir/frame21.pgm,640,400,3.0,0,0,,,,,,,,,,,,,
zenbook,close,ir,ir/frame22.pgm,640,400,59.2,1,1,0.9398,0.8540,247.9693,239.2244,0.8998,167.5,73.9,415.4,416.3,173.3,66.9,412.6,399.6
zenbook,close,ir,ir/frame23.pgm,640,400,2.9,0,0,,,,,,,,,,,,,
zenbook,dim,rgb,rgb/rgb00.ppm,640,480,16.8,0,0,,,,,,,,,,,,,
zenbook,dim,rgb,rgb/rgb01.ppm,640,480,17.0,0,0,,,,,,,,,,,,,
zenbook,dim,rgb,rgb/rgb02.ppm,640,480,17.0,0,0,,,,,,,,,,,,,
zenbook,dim,rgb,rgb/rgb03.ppm,640,480,17.2,0,0,,,,,,,,,,,,,
zenbook,dim,rgb,rgb/rgb04.ppm,640,480,17.2,0,0,,,,,,,,,,,,,
zenbook,dim,rgb,rgb/rgb05.ppm,640,480,17.3,0,0,,,,,,,,,,,,,
zenbook,dim,rgb,rgb/rgb06.ppm,640,480,17.7,1,1,0.7804,0.5836,214.8291,179.5567,0.6345,244.4,126.5,459.2,446.7,261.5,177.7,441.1,420.8
zenbook,dim,rgb,rgb/rgb07.ppm,640,480,17.5,1,1,0.6143,0.5965,224.4793,179.1318,0.6099,245.8,126.9,470.2,463.8,266.6,170.6,445.7,428.1
zenbook,dim,ir,ir/frame00.pgm,640,400,239.3,1,1,0.9316,0.8126,163.7814,158.6418,0.9450,221.9,158.6,385.7,385.4,221.7,160.9,380.3,382.8
zenbook,dim,ir,ir/frame01.pgm,640,400,0.0,0,0,,,,,,,,,,,,,
zenbook,dim,ir,ir/frame02.pgm,640,400,238.3,1,1,0.9327,0.8199,163.7105,158.2478,0.9419,222.3,157.6,386.0,384.8,223.4,158.4,381.6,379.9
zenbook,dim,ir,ir/frame03.pgm,640,400,0.0,0,0,,,,,,,,,,,,,
zenbook,dim,ir,ir/frame04.pgm,640,400,215.0,1,1,0.9408,0.8395,164.6040,161.6114,0.9356,220.0,152.2,384.6,387.6,220.6,154.1,382.2,378.4
zenbook,dim,ir,ir/frame05.pgm,640,400,0.0,0,0,,,,,,,,,,,,,
zenbook,dim,ir,ir/frame06.pgm,640,400,181.4,1,1,0.9376,0.8306,165.3437,161.4544,0.9262,220.2,150.7,385.5,386.4,221.1,156.3,382.6,379.8
zenbook,dim,ir,ir/frame07.pgm,640,400,0.0,0,0,,,,,,,,,,,,,
zenbook,dim,ir,ir/frame08.pgm,640,400,161.9,1,1,0.9364,0.8194,159.3217,161.7721,0.9220,219.6,154.0,379.0,383.5,221.6,155.6,383.4,375.7
zenbook,dim,ir,ir/frame09.pgm,640,400,0.0,0,0,,,,,,,,,,,,,
zenbook,dim,ir,ir/frame10.pgm,640,400,0.1,0,0,,,,,,,,,,,,,
zenbook,dim,ir,ir/frame11.pgm,640,400,144.0,0,0,,,,,,,,,,,,,
zenbook,dim,ir,ir/frame12.pgm,640,400,144.0,0,0,,,,,,,,,,,,,
zenbook,dim,ir,ir/frame13.pgm,640,400,144.0,0,0,,,,,,,,,,,,,
zenbook,dim,ir,ir/frame14.pgm,640,400,144.0,0,0,,,,,,,,,,,,,
zenbook,dim,ir,ir/frame15.pgm,640,400,144.0,0,0,,,,,,,,,,,,,
zenbook,dim,ir,ir/frame16.pgm,640,400,144.0,0,0,,,,,,,,,,,,,
zenbook,dim,ir,ir/frame17.pgm,640,400,144.0,0,0,,,,,,,,,,,,,
zenbook,dim,ir,ir/frame18.pgm,640,400,144.0,0,0,,,,,,,,,,,,,
zenbook,dim,ir,ir/frame19.pgm,640,400,144.0,0,0,,,,,,,,,,,,,
zenbook,dim,ir,ir/frame20.pgm,640,400,144.0,0,0,,,,,,,,,,,,,
zenbook,dim,ir,ir/frame21.pgm,640,400,144.0,0,0,,,,,,,,,,,,,
zenbook,dim,ir,ir/frame22.pgm,640,400,144.0,0,0,,,,,,,,,,,,,
zenbook,dim,ir,ir/frame23.pgm,640,400,144.0,0,0,,,,,,,,,,,,,
zenbook,empty-dim,rgb,rgb/rgb00.ppm,640,480,16.7,0,0,,,,,,,,,,,,,
zenbook,empty-dim,rgb,rgb/rgb01.ppm,640,480,16.9,0,0,,,,,,,,,,,,,
zenbook,empty-dim,rgb,rgb/rgb02.ppm,640,480,16.8,0,0,,,,,,,,,,,,,
zenbook,empty-dim,rgb,rgb/rgb03.ppm,640,480,16.9,0,0,,,,,,,,,,,,,
zenbook,empty-dim,rgb,rgb/rgb04.ppm,640,480,16.9,0,0,,,,,,,,,,,,,
zenbook,empty-dim,rgb,rgb/rgb05.ppm,640,480,16.9,0,0,,,,,,,,,,,,,
zenbook,empty-dim,rgb,rgb/rgb06.ppm,640,480,16.9,0,0,,,,,,,,,,,,,
zenbook,empty-dim,rgb,rgb/rgb07.ppm,640,480,16.8,0,0,,,,,,,,,,,,,
zenbook,empty-dim,ir,ir/frame00.pgm,640,400,255.0,0,0,,,,,,,,,,,,,
zenbook,empty-dim,ir,ir/frame01.pgm,640,400,0.7,0,0,,,,,,,,,,,,,
zenbook,empty-dim,ir,ir/frame02.pgm,640,400,255.0,0,0,,,,,,,,,,,,,
zenbook,empty-dim,ir,ir/frame03.pgm,640,400,0.8,0,0,,,,,,,,,,,,,
zenbook,empty-dim,ir,ir/frame04.pgm,640,400,255.0,0,0,,,,,,,,,,,,,
zenbook,empty-dim,ir,ir/frame05.pgm,640,400,0.8,0,0,,,,,,,,,,,,,
zenbook,empty-dim,ir,ir/frame06.pgm,640,400,255.0,0,0,,,,,,,,,,,,,
zenbook,empty-dim,ir,ir/frame07.pgm,640,400,0.8,0,0,,,,,,,,,,,,,
zenbook,empty-dim,ir,ir/frame08.pgm,640,400,255.0,0,0,,,,,,,,,,,,,
zenbook,empty-dim,ir,ir/frame09.pgm,640,400,0.8,0,0,,,,,,,,,,,,,
zenbook,empty-dim,ir,ir/frame10.pgm,640,400,0.2,0,0,,,,,,,,,,,,,
zenbook,empty-dim,ir,ir/frame11.pgm,640,400,144.0,0,0,,,,,,,,,,,,,
zenbook,empty-dim,ir,ir/frame12.pgm,640,400,144.0,0,0,,,,,,,,,,,,,
zenbook,empty-dim,ir,ir/frame13.pgm,640,400,144.0,0,0,,,,,,,,,,,,,
zenbook,empty-dim,ir,ir/frame14.pgm,640,400,144.0,0,0,,,,,,,,,,,,,
zenbook,empty-dim,ir,ir/frame15.pgm,640,400,144.0,0,0,,,,,,,,,,,,,
zenbook,empty-dim,ir,ir/frame16.pgm,640,400,144.0,0,0,,,,,,,,,,,,,
zenbook,empty-dim,ir,ir/frame17.pgm,640,400,144.0,0,0,,,,,,,,,,,,,
zenbook,empty-dim,ir,ir/frame18.pgm,640,400,144.0,0,0,,,,,,,,,,,,,
zenbook,empty-dim,ir,ir/frame19.pgm,640,400,144.0,0,0,,,,,,,,,,,,,
zenbook,empty-dim,ir,ir/frame20.pgm,640,400,144.0,0,0,,,,,,,,,,,,,
zenbook,empty-dim,ir,ir/frame21.pgm,640,400,144.0,0,0,,,,,,,,,,,,,
zenbook,empty-dim,ir,ir/frame22.pgm,640,400,144.0,0,0,,,,,,,,,,,,,
zenbook,empty-dim,ir,ir/frame23.pgm,640,400,144.0,0,0,,,,,,,,,,,,,
zenbook,empty-lit,rgb,rgb/rgb00.ppm,640,480,164.7,0,0,,,,,,,,,,,,,
zenbook,empty-lit,rgb,rgb/rgb01.ppm,640,480,144.9,0,0,,,,,,,,,,,,,
zenbook,empty-lit,rgb,rgb/rgb02.ppm,640,480,107.2,0,0,,,,,,,,,,,,,
zenbook,empty-lit,rgb,rgb/rgb03.ppm,640,480,86.5,0,0,,,,,,,,,,,,,
zenbook,empty-lit,rgb,rgb/rgb04.ppm,640,480,80.1,0,0,,,,,,,,,,,,,
zenbook,empty-lit,rgb,rgb/rgb05.ppm,640,480,76.1,0,0,,,,,,,,,,,,,
zenbook,empty-lit,rgb,rgb/rgb06.ppm,640,480,74.2,0,0,,,,,,,,,,,,,
zenbook,empty-lit,rgb,rgb/rgb07.ppm,640,480,74.2,0,0,,,,,,,,,,,,,
zenbook,empty-lit,ir,ir/frame00.pgm,640,400,253.5,0,0,,,,,,,,,,,,,
zenbook,empty-lit,ir,ir/frame01.pgm,640,400,60.0,0,0,,,,,,,,,,,,,
zenbook,empty-lit,ir,ir/frame02.pgm,640,400,174.1,0,0,,,,,,,,,,,,,
zenbook,empty-lit,ir,ir/frame03.pgm,640,400,45.0,0,0,,,,,,,,,,,,,
zenbook,empty-lit,ir,ir/frame04.pgm,640,400,248.4,0,0,,,,,,,,,,,,,
zenbook,empty-lit,ir,ir/frame05.pgm,640,400,64.1,0,0,,,,,,,,,,,,,
zenbook,empty-lit,ir,ir/frame06.pgm,640,400,218.0,0,0,,,,,,,,,,,,,
zenbook,empty-lit,ir,ir/frame07.pgm,640,400,46.9,0,0,,,,,,,,,,,,,
zenbook,empty-lit,ir,ir/frame08.pgm,640,400,163.8,0,0,,,,,,,,,,,,,
zenbook,empty-lit,ir,ir/frame09.pgm,640,400,41.0,0,0,,,,,,,,,,,,,
zenbook,empty-lit,ir,ir/frame10.pgm,640,400,141.2,0,0,,,,,,,,,,,,,
zenbook,empty-lit,ir,ir/frame11.pgm,640,400,34.3,0,0,,,,,,,,,,,,,
zenbook,empty-lit,ir,ir/frame12.pgm,640,400,117.6,0,0,,,,,,,,,,,,,
zenbook,empty-lit,ir,ir/frame13.pgm,640,400,34.2,0,0,,,,,,,,,,,,,
zenbook,empty-lit,ir,ir/frame14.pgm,640,400,117.3,0,0,,,,,,,,,,,,,
zenbook,empty-lit,ir,ir/frame15.pgm,640,400,33.9,0,0,,,,,,,,,,,,,
zenbook,empty-lit,ir,ir/frame16.pgm,640,400,116.9,0,0,,,,,,,,,,,,,
zenbook,empty-lit,ir,ir/frame17.pgm,640,400,33.8,0,0,,,,,,,,,,,,,
zenbook,empty-lit,ir,ir/frame18.pgm,640,400,116.5,0,0,,,,,,,,,,,,,
zenbook,empty-lit,ir,ir/frame19.pgm,640,400,32.7,0,0,,,,,,,,,,,,,
zenbook,empty-lit,ir,ir/frame20.pgm,640,400,112.4,0,0,,,,,,,,,,,,,
zenbook,empty-lit,ir,ir/frame21.pgm,640,400,32.3,0,0,,,,,,,,,,,,,
zenbook,empty-lit,ir,ir/frame22.pgm,640,400,111.3,0,0,,,,,,,,,,,,,
zenbook,empty-lit,ir,ir/frame23.pgm,640,400,32.1,0,0,,,,,,,,,,,,,
zenbook,far,rgb,rgb/rgb00.ppm,640,480,148.0,1,1,0.9359,0.8077,88.0397,83.2076,0.8143,277.9,252.5,365.9,358.1,279.7,242.6,362.9,351.5
zenbook,far,rgb,rgb/rgb01.ppm,640,480,149.7,1,1,0.9335,0.8326,86.0571,83.6789,0.8381,278.3,252.2,364.3,358.7,279.2,241.8,362.8,352.7
zenbook,far,rgb,rgb/rgb02.ppm,640,480,150.3,1,1,0.9371,0.8276,86.6571,83.5971,0.8400,277.7,252.2,364.3,358.3,279.1,242.2,362.7,353.0
zenbook,far,rgb,rgb/rgb03.ppm,640,480,149.4,1,1,0.9336,0.8348,87.6201,84.2712,0.8517,277.9,252.4,365.5,358.5,278.9,242.5,363.1,354.8
zenbook,far,rgb,rgb/rgb04.ppm,640,480,149.5,1,1,0.9341,0.8417,87.5135,83.5995,0.8331,278.1,253.7,365.6,358.1,279.5,242.8,363.1,353.8
zenbook,far,rgb,rgb/rgb05.ppm,640,480,149.7,1,1,0.9312,0.8473,88.3160,83.6511,0.8355,276.8,252.9,365.1,358.3,279.0,242.3,362.6,354.7
zenbook,far,rgb,rgb/rgb06.ppm,640,480,149.7,1,1,0.9363,0.8515,86.1850,84.2854,0.8615,278.3,253.4,364.5,357.9,278.8,242.3,363.1,355.0
zenbook,far,rgb,rgb/rgb07.ppm,640,480,149.8,1,1,0.9341,0.8403,86.2776,84.0378,0.8610,277.7,253.5,364.0,358.2,278.7,243.7,362.8,354.5
zenbook,far,ir,ir/frame00.pgm,640,400,16.5,1,1,0.8393,0.8427,77.6424,71.3386,0.8471,261.7,224.8,339.3,319.8,264.7,221.8,336.0,314.9
zenbook,far,ir,ir/frame01.pgm,640,400,3.6,0,0,,,,,,,,,,,,,
zenbook,far,ir,ir/frame02.pgm,640,400,17.3,1,1,0.8401,0.8453,77.7726,71.0052,0.8299,261.4,225.7,339.2,319.9,264.8,221.6,335.8,314.8
zenbook,far,ir,ir/frame03.pgm,640,400,6.0,0,0,,,,,,,,,,,,,
zenbook,far,ir,ir/frame04.pgm,640,400,21.9,1,1,0.8927,0.8515,76.7079,72.0190,0.8439,261.9,225.8,338.6,320.8,264.0,221.5,336.0,314.8
zenbook,far,ir,ir/frame05.pgm,640,400,8.1,0,0,,,,,,,,,,,,,
zenbook,far,ir,ir/frame06.pgm,640,400,28.9,1,1,0.9117,0.8532,72.5040,71.7690,0.9138,263.9,225.3,336.4,317.5,263.5,221.4,335.3,314.9
zenbook,far,ir,ir/frame07.pgm,640,400,11.8,0,0,,,,,,,,,,,,,
zenbook,far,ir,ir/frame08.pgm,640,400,41.7,1,1,0.9137,0.8334,73.1556,74.3792,0.9121,264.7,225.5,337.9,316.8,262.7,221.4,337.1,315.9
zenbook,far,ir,ir/frame09.pgm,640,400,16.0,0,0,,,,,,,,,,,,,
zenbook,far,ir,ir/frame10.pgm,640,400,54.8,1,1,0.9111,0.8449,71.0368,73.1288,0.8785,265.6,227.6,336.7,317.8,262.7,221.6,335.8,316.5
zenbook,far,ir,ir/frame11.pgm,640,400,17.6,0,0,,,,,,,,,,,,,
zenbook,far,ir,ir/frame12.pgm,640,400,57.3,1,1,0.9219,0.8465,72.5797,73.5825,0.9343,264.2,224.4,336.8,316.1,262.5,221.7,336.1,315.7
zenbook,far,ir,ir/frame13.pgm,640,400,19.0,0,0,,,,,,,,,,,,,
zenbook,far,ir,ir/frame14.pgm,640,400,59.9,1,1,0.9250,0.8447,72.4524,73.8572,0.9400,263.9,224.2,336.4,316.2,262.3,221.6,336.2,315.3
zenbook,far,ir,ir/frame15.pgm,640,400,20.3,0,0,,,,,,,,,,,,,
zenbook,far,ir,ir/frame16.pgm,640,400,62.9,1,1,0.9251,0.8529,73.4017,73.4935,0.9384,263.6,223.4,337.0,316.4,262.4,222.3,335.9,314.4
zenbook,far,ir,ir/frame17.pgm,640,400,21.4,0,0,,,,,,,,,,,,,
zenbook,far,ir,ir/frame18.pgm,640,400,65.7,1,1,0.9264,0.8539,72.9114,73.7464,0.9338,264.0,223.5,336.9,316.5,262.3,221.8,336.1,314.8
zenbook,far,ir,ir/frame19.pgm,640,400,22.6,0,0,,,,,,,,,,,,,
zenbook,far,ir,ir/frame20.pgm,640,400,68.7,1,1,0.9259,0.8571,72.5202,73.0088,0.9456,264.1,223.3,336.6,316.3,262.8,222.2,335.8,314.9
zenbook,far,ir,ir/frame21.pgm,640,400,23.2,0,0,,,,,,,,,,,,,
zenbook,far,ir,ir/frame22.pgm,640,400,69.7,1,1,0.9259,0.8590,71.6473,72.9920,0.9497,264.6,223.2,336.3,315.9,262.9,222.0,335.9,315.0
zenbook,far,ir,ir/frame23.pgm,640,400,23.5,0,0,,,,,,,,,,,,,
zenbook,frontal,rgb,rgb/rgb00.ppm,640,480,146.7,1,1,0.9472,0.8500,165.6610,174.6818,0.9205,293.7,134.5,459.3,361.3,286.2,129.2,460.9,359.7
zenbook,frontal,rgb,rgb/rgb01.ppm,640,480,148.0,1,1,0.9457,0.8594,166.7240,173.0199,0.9481,291.9,130.4,458.6,361.6,286.5,127.1,459.5,361.1
zenbook,frontal,rgb,rgb/rgb02.ppm,640,480,147.5,1,1,0.9465,0.8646,166.8454,173.2441,0.9473,290.7,130.1,457.6,361.4,286.3,127.5,459.5,362.7
zenbook,frontal,rgb,rgb/rgb03.ppm,640,480,147.1,1,1,0.9445,0.8628,168.2808,173.7190,0.9407,287.7,131.6,455.9,360.9,286.1,127.6,459.8,363.7
zenbook,frontal,rgb,rgb/rgb04.ppm,640,480,147.2,1,1,0.9460,0.8599,168.0845,171.3644,0.9689,287.3,130.6,455.4,362.6,285.5,128.9,456.9,363.7
zenbook,frontal,rgb,rgb/rgb05.ppm,640,480,147.3,1,1,0.9440,0.8628,167.6261,171.4658,0.9519,286.8,132.1,454.5,361.6,286.3,127.9,457.8,363.6
zenbook,frontal,rgb,rgb/rgb06.ppm,640,480,147.2,1,1,0.9450,0.8558,168.0138,172.3043,0.9609,287.7,130.6,455.7,362.0,284.6,127.4,456.9,362.3
zenbook,frontal,rgb,rgb/rgb07.ppm,640,480,147.4,1,1,0.9436,0.8495,167.0538,171.1740,0.9725,287.6,130.5,454.7,360.9,285.7,129.7,456.9,361.0
zenbook,frontal,ir,ir/frame00.pgm,640,400,32.9,1,1,0.9350,0.7972,146.9147,141.9304,0.8858,257.5,129.8,404.4,326.6,260.1,124.8,402.0,314.7
zenbook,frontal,ir,ir/frame01.pgm,640,400,1.8,0,0,,,,,,,,,,,,,
zenbook,frontal,ir,ir/frame02.pgm,640,400,35.0,1,1,0.9349,0.7986,147.0155,141.9712,0.8779,257.5,130.3,404.6,327.9,260.0,125.0,402.0,314.6
zenbook,frontal,ir,ir/frame03.pgm,640,400,3.1,0,0,,,,,,,,,,,,,
zenbook,frontal,ir,ir/frame04.pgm,640,400,46.6,1,1,0.9366,0.7941,146.2741,143.0510,0.8817,258.0,131.7,404.2,328.7,258.9,124.5,402.0,315.6
zenbook,frontal,ir,ir/frame05.pgm,640,400,4.8,0,0,,,,,,,,,,,,,
zenbook,frontal,ir,ir/frame06.pgm,640,400,63.3,1,1,0.9386,0.7978,148.1453,144.8104,0.8970,256.9,130.1,405.0,328.6,258.0,124.9,402.8,316.9
zenbook,frontal,ir,ir/frame07.pgm,640,400,5.7,0,0,,,,,,,,,,,,,
zenbook,frontal,ir,ir/frame08.pgm,640,400,65.9,1,1,0.9388,0.7995,147.3927,144.5889,0.8981,257.1,129.8,404.5,329.0,258.5,125.0,403.1,316.6
zenbook,frontal,ir,ir/frame09.pgm,640,400,6.1,0,0,,,,,,,,,,,,,
zenbook,frontal,ir,ir/frame10.pgm,640,400,66.5,1,1,0.9395,0.8011,146.9956,144.6877,0.8996,257.5,130.6,404.5,328.7,258.2,125.3,402.9,316.3
zenbook,frontal,ir,ir/frame11.pgm,640,400,6.3,0,0,,,,,,,,,,,,,
zenbook,frontal,ir,ir/frame12.pgm,640,400,66.8,1,1,0.9392,0.7977,146.5935,144.9236,0.9037,257.4,131.5,404.0,327.9,258.0,125.4,402.9,316.6
zenbook,frontal,ir,ir/frame13.pgm,640,400,6.5,0,0,,,,,,,,,,,,,
zenbook,frontal,ir,ir/frame14.pgm,640,400,66.8,1,1,0.9386,0.8022,146.6057,144.6273,0.9054,257.7,131.1,404.3,327.6,258.1,125.8,402.7,316.3
zenbook,frontal,ir,ir/frame15.pgm,640,400,6.8,0,0,,,,,,,,,,,,,
zenbook,frontal,ir,ir/frame16.pgm,640,400,68.2,1,1,0.9392,0.7980,146.7689,143.9832,0.9005,257.3,130.1,404.1,328.2,258.2,125.4,402.2,316.1
zenbook,frontal,ir,ir/frame17.pgm,640,400,7.0,0,0,,,,,,,,,,,,,
zenbook,frontal,ir,ir/frame18.pgm,640,400,68.8,1,1,0.9396,0.7980,146.9791,143.5730,0.8957,257.5,130.4,404.5,328.0,258.4,125.6,402.0,316.0
zenbook,frontal,ir,ir/frame19.pgm,640,400,7.1,0,0,,,,,,,,,,,,,
zenbook,frontal,ir,ir/frame20.pgm,640,400,69.0,1,1,0.9384,0.7991,147.3081,144.1192,0.8997,257.4,129.9,404.7,328.2,258.0,125.9,402.1,315.9
zenbook,frontal,ir,ir/frame21.pgm,640,400,7.2,0,0,,,,,,,,,,,,,
zenbook,frontal,ir,ir/frame22.pgm,640,400,69.2,1,1,0.9377,0.8011,147.3792,143.5085,0.8958,257.5,130.4,404.9,328.1,258.3,125.9,401.8,316.3
zenbook,frontal,ir,ir/frame23.pgm,640,400,7.3,0,0,,,,,,,,,,,,,
zenbook,glasses-on,rgb,rgb/rgb00.ppm,640,480,170.7,1,1,0.9255,0.7496,145.7153,153.3446,0.9292,273.2,145.6,418.9,330.1,266.7,142.8,420.1,331.6
zenbook,glasses-on,rgb,rgb/rgb01.ppm,640,480,172.8,1,1,0.9258,0.7419,150.4278,152.5983,0.9666,269.5,142.8,419.9,332.3,266.9,141.6,419.5,330.6
zenbook,glasses-on,rgb,rgb/rgb02.ppm,640,480,166.1,1,1,0.9290,0.7883,142.6062,148.0487,0.9172,269.5,145.8,412.1,331.5,264.4,139.2,412.4,328.8
zenbook,glasses-on,rgb,rgb/rgb03.ppm,640,480,161.5,1,1,0.9253,0.8150,141.9822,147.9323,0.9101,266.2,147.7,408.1,333.3,263.1,141.8,411.1,329.1
zenbook,glasses-on,rgb,rgb/rgb04.ppm,640,480,161.6,1,1,0.9237,0.7865,145.5878,148.0539,0.9051,270.3,150.1,415.9,332.5,267.2,140.1,415.3,328.6
zenbook,glasses-on,rgb,rgb/rgb05.ppm,640,480,162.0,1,1,0.9280,0.7934,148.5413,146.6022,0.9316,269.1,144.2,417.6,334.9,267.6,143.4,414.2,328.5
zenbook,glasses-on,rgb,rgb/rgb06.ppm,640,480,162.7,1,1,0.9260,0.7571,145.9341,148.3041,0.8949,270.3,149.1,416.3,332.5,266.6,141.9,414.9,325.5
zenbook,glasses-on,rgb,rgb/rgb07.ppm,640,480,162.4,1,1,0.9283,0.7352,146.4412,149.9866,0.8921,274.5,146.8,421.0,333.4,269.2,141.9,419.2,325.6
zenbook,glasses-on,ir,ir/frame00.pgm,640,400,96.2,1,1,0.9250,0.7871,121.8000,127.3334,0.8688,251.4,140.6,373.2,296.1,249.9,129.5,377.2,291.8
zenbook,glasses-on,ir,ir/frame01.pgm,640,400,17.7,0,0,,,,,,,,,,,,,
zenbook,glasses-on,ir,ir/frame02.pgm,640,400,94.5,1,1,0.9258,0.7929,120.5683,127.0026,0.8582,252.0,141.4,372.6,295.6,249.8,129.3,376.8,291.5
zenbook,glasses-on,ir,ir/frame03.pgm,640,400,18.5,0,0,,,,,,,,,,,,,
zenbook,glasses-on,ir,ir/frame04.pgm,640,400,93.1,1,1,0.9239,0.7919,120.5950,126.0206,0.8555,251.9,142.0,372.5,296.2,250.1,129.3,376.2,291.1
zenbook,glasses-on,ir,ir/frame05.pgm,640,400,18.9,0,0,,,,,,,,,,,,,
zenbook,glasses-on,ir,ir/frame06.pgm,640,400,92.0,1,1,0.9219,0.7859,120.8311,126.1555,0.8570,251.4,142.0,372.2,296.1,249.5,129.7,375.7,290.7
zenbook,glasses-on,ir,ir/frame07.pgm,640,400,19.1,0,0,,,,,,,,,,,,,
zenbook,glasses-on,ir,ir/frame08.pgm,640,400,91.3,1,1,0.9234,0.7881,121.0141,126.0880,0.8568,251.0,141.5,372.0,296.1,249.8,129.1,375.9,290.3
zenbook,glasses-on,ir,ir/frame09.pgm,640,400,19.2,0,0,,,,,,,,,,,,,
zenbook,glasses-on,ir,ir/frame10.pgm,640,400,90.6,1,1,0.9220,0.8047,120.6229,126.5270,0.8552,249.8,140.8,370.5,293.9,247.7,128.8,374.2,288.7
zenbook,glasses-on,ir,ir/frame11.pgm,640,400,19.3,0,0,,,,,,,,,,,,,
zenbook,glasses-on,ir,ir/frame12.pgm,640,400,90.1,1,1,0.9206,0.7966,121.5848,126.7694,0.8606,248.7,142.4,370.3,295.8,247.1,130.4,373.9,290.6
zenbook,glasses-on,ir,ir/frame13.pgm,640,400,19.4,0,0,,,,,,,,,,,,,
zenbook,glasses-on,ir,ir/frame14.pgm,640,400,89.5,1,1,0.9198,0.7922,121.6132,127.0910,0.8581,248.9,141.7,370.6,297.3,247.5,130.4,374.6,291.1
zenbook,glasses-on,ir,ir/frame15.pgm,640,400,19.5,0,0,,,,,,,,,,,,,
zenbook,glasses-on,ir,ir/frame16.pgm,640,400,89.1,1,1,0.9235,0.8123,120.6321,126.8405,0.8452,249.6,142.2,370.2,297.5,246.9,130.2,373.8,290.6
zenbook,glasses-on,ir,ir/frame17.pgm,640,400,19.5,0,0,,,,,,,,,,,,,
zenbook,glasses-on,ir,ir/frame18.pgm,640,400,88.6,1,1,0.9225,0.8025,119.9024,126.6160,0.8469,249.6,140.6,369.5,297.5,247.1,129.7,373.8,290.4
zenbook,glasses-on,ir,ir/frame19.pgm,640,400,19.6,0,0,,,,,,,,,,,,,
zenbook,glasses-on,ir,ir/frame20.pgm,640,400,88.0,1,1,0.9224,0.8011,121.7771,126.0622,0.8572,248.1,141.2,369.9,298.1,246.6,129.6,372.7,290.5
zenbook,glasses-on,ir,ir/frame21.pgm,640,400,19.7,0,0,,,,,,,,,,,,,
zenbook,glasses-on,ir,ir/frame22.pgm,640,400,87.5,1,1,0.9200,0.8097,122.2591,125.4328,0.8638,246.9,143.2,369.1,297.7,245.4,131.8,370.8,290.0
zenbook,glasses-on,ir,ir/frame23.pgm,640,400,19.7,0,0,,,,,,,,,,,,,
zenbook,sweep,rgb,rgb/rgb00.ppm,640,480,173.0,1,1,0.9449,0.8261,140.2420,147.7578,0.9051,263.8,148.3,404.1,333.8,260.1,140.0,407.9,334.6
zenbook,sweep,rgb,rgb/rgb01.ppm,640,480,173.7,1,1,0.9474,0.8392,142.6227,147.4398,0.9376,258.4,146.0,401.0,335.8,258.3,140.7,405.7,336.6
zenbook,sweep,rgb,rgb/rgb02.ppm,640,480,173.9,1,1,0.9418,0.7503,141.3133,143.9658,0.9304,275.5,146.1,416.8,330.9,271.7,144.1,415.7,325.8
zenbook,sweep,rgb,rgb/rgb03.ppm,640,480,173.6,1,1,0.9298,0.7754,136.6342,138.4102,0.9105,301.4,145.3,438.0,334.0,297.8,143.0,436.2,326.0
zenbook,sweep,rgb,rgb/rgb04.ppm,640,480,172.7,1,1,0.9285,0.7479,125.6117,131.3721,0.8966,326.4,147.3,452.0,333.3,318.8,144.3,450.1,329.4
zenbook,sweep,rgb,rgb/rgb05.ppm,640,480,172.4,1,1,0.9338,0.7090,119.5614,134.6020,0.8412,335.9,151.1,455.4,335.6,321.8,143.4,456.4,332.8
zenbook,sweep,rgb,rgb/rgb06.ppm,640,480,172.6,1,1,0.9260,0.7299,119.6198,129.8470,0.8363,332.4,156.6,452.0,335.9,322.4,144.6,452.2,329.9
zenbook,sweep,rgb,rgb/rgb07.ppm,640,480,173.7,1,1,0.9338,0.7863,134.6668,137.1725,0.8884,302.9,146.8,437.6,334.0,297.8,142.4,435.0,326.8
zenbook,sweep,ir,ir/frame00.pgm,640,400,82.3,1,1,0.9278,0.8234,124.6246,123.3463,0.8516,266.3,139.5,391.0,300.6,263.4,129.7,386.8,293.2
zenbook,sweep,ir,ir/frame01.pgm,640,400,18.5,0,0,,,,,,,,,,,,,
zenbook,sweep,ir,ir/frame02.pgm,640,400,94.2,1,1,0.9283,0.8229,125.6685,123.9829,0.8440,265.5,138.7,391.2,301.4,262.1,129.9,386.1,293.2
zenbook,sweep,ir,ir/frame03.pgm,640,400,18.3,0,0,,,,,,,,,,,,,
zenbook,sweep,ir,ir/frame04.pgm,640,400,87.7,1,1,0.9294,0.8227,115.6932,124.9749,0.8498,264.0,138.6,379.7,298.5,259.4,129.7,384.4,293.1
zenbook,sweep,ir,ir/frame05.pgm,640,400,18.4,0,1,,0.5142,,88.4208,,,,,,7.9,107.4,96.3,219.0
zenbook,sweep,ir,ir/frame06.pgm,640,400,86.7,1,1,0.9308,0.8182,118.0955,126.1633,0.8602,259.9,138.0,378.0,299.5,255.9,130.3,382.0,293.1
zenbook,sweep,ir,ir/frame07.pgm,640,400,18.4,0,1,,0.5919,,87.9202,,,,,,7.8,109.2,95.8,219.1
zenbook,sweep,ir,ir/frame08.pgm,640,400,85.9,1,1,0.9296,0.8179,119.1987,125.1485,0.8766,256.1,137.0,375.3,300.2,254.5,130.4,379.6,293.1
zenbook,sweep,ir,ir/frame09.pgm,640,400,18.4,0,0,,,,,,,,,,,,,
zenbook,sweep,ir,ir/frame10.pgm,640,400,85.1,1,1,0.9313,0.7828,120.1106,124.2068,0.8908,254.3,138.8,374.5,300.1,252.4,132.3,376.6,293.1
zenbook,sweep,ir,ir/frame11.pgm,640,400,18.5,0,0,,,,,,,,,,,,,
zenbook,sweep,ir,ir/frame12.pgm,640,400,84.5,1,1,0.9300,0.7598,119.5145,124.4678,0.8678,251.8,139.8,371.3,300.8,249.7,130.8,374.2,293.1
zenbook,sweep,ir,ir/frame13.pgm,640,400,18.5,0,0,,,,,,,,,,,,,
zenbook,sweep,ir,ir/frame14.pgm,640,400,83.9,1,1,0.9324,0.7650,120.4611,124.4802,0.8786,250.4,139.1,370.8,301.2,248.4,131.3,372.9,293.1
zenbook,sweep,ir,ir/frame15.pgm,640,400,18.5,0,0,,,,,,,,,,,,,
zenbook,sweep,ir,ir/frame16.pgm,640,400,83.3,1,1,0.9316,0.7921,121.0572,124.8943,0.8839,247.7,139.2,368.7,300.4,247.1,131.3,372.0,293.2
zenbook,sweep,ir,ir/frame17.pgm,640,400,18.5,0,0,,,,,,,,,,,,,
zenbook,sweep,ir,ir/frame18.pgm,640,400,82.8,1,1,0.9330,0.8237,120.6043,124.3759,0.8819,245.4,138.6,366.0,299.1,245.9,130.3,370.3,293.2
zenbook,sweep,ir,ir/frame19.pgm,640,400,18.6,0,1,,0.5455,,89.8536,,,,,,6.6,107.3,96.4,220.7
zenbook,sweep,ir,ir/frame20.pgm,640,400,82.4,1,1,0.9281,0.8371,121.2009,125.2021,0.8818,244.3,139.7,365.5,298.5,243.9,130.0,369.1,293.0
zenbook,sweep,ir,ir/frame21.pgm,640,400,18.6,0,1,,0.5099,,89.6797,,,,,,6.7,109.5,96.4,219.2
zenbook,sweep,ir,ir/frame22.pgm,640,400,82.0,1,1,0.9340,0.8439,122.5878,124.8790,0.9098,241.5,137.8,364.1,297.3,242.1,130.5,367.0,293.7
zenbook,sweep,ir,ir/frame23.pgm,640,400,18.8,0,0,,,,,,,,,,,,,
