camera,segment,kind,frame,eye_px,nme,max_px
zenbook,close,rgb,rgb/rgb00.ppm,211.2,6.329e-7,0.0006
zenbook,close,rgb,rgb/rgb01.ppm,205.2,6.931e-7,0.0006
zenbook,close,rgb,rgb/rgb02.ppm,205.2,6.517e-7,0.0005
zenbook,close,rgb,rgb/rgb03.ppm,204.1,6.568e-7,0.0004
zenbook,close,rgb,rgb/rgb04.ppm,204.6,6.869e-7,0.0005
zenbook,close,rgb,rgb/rgb05.ppm,201.1,6.750e-7,0.0005
zenbook,close,rgb,rgb/rgb06.ppm,202.6,6.316e-7,0.0005
zenbook,close,rgb,rgb/rgb07.ppm,200.7,6.666e-7,0.0004
zenbook,close,ir,ir/frame00.pgm,,,
zenbook,close,ir,ir/frame01.pgm,,,
zenbook,close,ir,ir/frame02.pgm,,,
zenbook,close,ir,ir/frame03.pgm,,,
zenbook,close,ir,ir/frame04.pgm,176.9,6.828e-7,0.0005
zenbook,close,ir,ir/frame05.pgm,,,
zenbook,close,ir,ir/frame06.pgm,176.3,6.908e-7,0.0005
zenbook,close,ir,ir/frame07.pgm,,,
zenbook,close,ir,ir/frame08.pgm,177.5,6.997e-7,0.0003
zenbook,close,ir,ir/frame09.pgm,,,
zenbook,close,ir,ir/frame10.pgm,171.4,6.655e-7,0.0004
zenbook,close,ir,ir/frame11.pgm,,,
zenbook,close,ir,ir/frame12.pgm,170.9,6.422e-7,0.0004
zenbook,close,ir,ir/frame13.pgm,,,
zenbook,close,ir,ir/frame14.pgm,171.8,6.388e-7,0.0004
zenbook,close,ir,ir/frame15.pgm,,,
zenbook,close,ir,ir/frame16.pgm,172.4,6.899e-7,0.0004
zenbook,close,ir,ir/frame17.pgm,,,
zenbook,close,ir,ir/frame18.pgm,172.5,6.528e-7,0.0003
zenbook,close,ir,ir/frame19.pgm,,,
zenbook,close,ir,ir/frame20.pgm,173.3,6.545e-7,0.0004
zenbook,close,ir,ir/frame21.pgm,,,
zenbook,close,ir,ir/frame22.pgm,172.6,6.298e-7,0.0004
zenbook,close,ir,ir/frame23.pgm,,,
zenbook,dim,rgb,rgb/rgb00.ppm,,,
zenbook,dim,rgb,rgb/rgb01.ppm,,,
zenbook,dim,rgb,rgb/rgb02.ppm,,,
zenbook,dim,rgb,rgb/rgb03.ppm,,,
zenbook,dim,rgb,rgb/rgb04.ppm,,,
zenbook,dim,rgb,rgb/rgb05.ppm,,,
zenbook,dim,rgb,rgb/rgb06.ppm,156.0,7.427e-7,0.0004
zenbook,dim,rgb,rgb/rgb07.ppm,154.8,7.391e-7,0.0004
zenbook,dim,ir,ir/frame00.pgm,111.2,6.844e-7,0.0002
zenbook,dim,ir,ir/frame01.pgm,,,
zenbook,dim,ir,ir/frame02.pgm,110.4,7.032e-7,0.0003
zenbook,dim,ir,ir/frame03.pgm,,,
zenbook,dim,ir,ir/frame04.pgm,109.8,6.616e-7,0.0002
zenbook,dim,ir,ir/frame05.pgm,,,
zenbook,dim,ir,ir/frame06.pgm,110.4,7.118e-7,0.0002
zenbook,dim,ir,ir/frame07.pgm,,,
zenbook,dim,ir,ir/frame08.pgm,111.7,6.679e-7,0.0002
zenbook,dim,ir,ir/frame09.pgm,,,
zenbook,dim,ir,ir/frame10.pgm,,,
zenbook,dim,ir,ir/frame11.pgm,,,
zenbook,dim,ir,ir/frame12.pgm,,,
zenbook,dim,ir,ir/frame13.pgm,,,
zenbook,dim,ir,ir/frame14.pgm,,,
zenbook,dim,ir,ir/frame15.pgm,,,
zenbook,dim,ir,ir/frame16.pgm,,,
zenbook,dim,ir,ir/frame17.pgm,,,
zenbook,dim,ir,ir/frame18.pgm,,,
zenbook,dim,ir,ir/frame19.pgm,,,
zenbook,dim,ir,ir/frame20.pgm,,,
zenbook,dim,ir,ir/frame21.pgm,,,
zenbook,dim,ir,ir/frame22.pgm,,,
zenbook,dim,ir,ir/frame23.pgm,,,
zenbook,empty-dim,rgb,rgb/rgb00.ppm,,,
zenbook,empty-dim,rgb,rgb/rgb01.ppm,,,
zenbook,empty-dim,rgb,rgb/rgb02.ppm,,,
zenbook,empty-dim,rgb,rgb/rgb03.ppm,,,
zenbook,empty-dim,rgb,rgb/rgb04.ppm,,,
zenbook,empty-dim,rgb,rgb/rgb05.ppm,,,
zenbook,empty-dim,rgb,rgb/rgb06.ppm,,,
zenbook,empty-dim,rgb,rgb/rgb07.ppm,,,
zenbook,empty-dim,ir,ir/frame00.pgm,,,
zenbook,empty-dim,ir,ir/frame01.pgm,,,
zenbook,empty-dim,ir,ir/frame02.pgm,,,
zenbook,empty-dim,ir,ir/frame03.pgm,,,
zenbook,empty-dim,ir,ir/frame04.pgm,,,
zenbook,empty-dim,ir,ir/frame05.pgm,,,
zenbook,empty-dim,ir,ir/frame06.pgm,,,
zenbook,empty-dim,ir,ir/frame07.pgm,,,
zenbook,empty-dim,ir,ir/frame08.pgm,,,
zenbook,empty-dim,ir,ir/frame09.pgm,,,
zenbook,empty-dim,ir,ir/frame10.pgm,,,
zenbook,empty-dim,ir,ir/frame11.pgm,,,
zenbook,empty-dim,ir,ir/frame12.pgm,,,
zenbook,empty-dim,ir,ir/frame13.pgm,,,
zenbook,empty-dim,ir,ir/frame14.pgm,,,
zenbook,empty-dim,ir,ir/frame15.pgm,,,
zenbook,empty-dim,ir,ir/frame16.pgm,,,
zenbook,empty-dim,ir,ir/frame17.pgm,,,
zenbook,empty-dim,ir,ir/frame18.pgm,,,
zenbook,empty-dim,ir,ir/frame19.pgm,,,
zenbook,empty-dim,ir,ir/frame20.pgm,,,
zenbook,empty-dim,ir,ir/frame21.pgm,,,
zenbook,empty-dim,ir,ir/frame22.pgm,,,
zenbook,empty-dim,ir,ir/frame23.pgm,,,
zenbook,empty-lit,rgb,rgb/rgb00.ppm,,,
zenbook,empty-lit,rgb,rgb/rgb01.ppm,,,
zenbook,empty-lit,rgb,rgb/rgb02.ppm,,,
zenbook,empty-lit,rgb,rgb/rgb03.ppm,,,
zenbook,empty-lit,rgb,rgb/rgb04.ppm,,,
zenbook,empty-lit,rgb,rgb/rgb05.ppm,,,
zenbook,empty-lit,rgb,rgb/rgb06.ppm,,,
zenbook,empty-lit,rgb,rgb/rgb07.ppm,,,
zenbook,empty-lit,ir,ir/frame00.pgm,,,
zenbook,empty-lit,ir,ir/frame01.pgm,,,
zenbook,empty-lit,ir,ir/frame02.pgm,,,
zenbook,empty-lit,ir,ir/frame03.pgm,,,
zenbook,empty-lit,ir,ir/frame04.pgm,,,
zenbook,empty-lit,ir,ir/frame05.pgm,,,
zenbook,empty-lit,ir,ir/frame06.pgm,,,
zenbook,empty-lit,ir,ir/frame07.pgm,,,
zenbook,empty-lit,ir,ir/frame08.pgm,,,
zenbook,empty-lit,ir,ir/frame09.pgm,,,
zenbook,empty-lit,ir,ir/frame10.pgm,,,
zenbook,empty-lit,ir,ir/frame11.pgm,,,
zenbook,empty-lit,ir,ir/frame12.pgm,,,
zenbook,empty-lit,ir,ir/frame13.pgm,,,
zenbook,empty-lit,ir,ir/frame14.pgm,,,
zenbook,empty-lit,ir,ir/frame15.pgm,,,
zenbook,empty-lit,ir,ir/frame16.pgm,,,
zenbook,empty-lit,ir,ir/frame17.pgm,,,
zenbook,empty-lit,ir,ir/frame18.pgm,,,
zenbook,empty-lit,ir,ir/frame19.pgm,,,
zenbook,empty-lit,ir,ir/frame20.pgm,,,
zenbook,empty-lit,ir,ir/frame21.pgm,,,
zenbook,empty-lit,ir,ir/frame22.pgm,,,
zenbook,empty-lit,ir,ir/frame23.pgm,,,
zenbook,far,rgb,rgb/rgb00.ppm,57.7,6.519e-7,0.0001
zenbook,far,rgb,rgb/rgb01.ppm,56.9,6.542e-7,0.0001
zenbook,far,rgb,rgb/rgb02.ppm,57.7,6.458e-7,0.0001
zenbook,far,rgb,rgb/rgb03.ppm,57.2,6.267e-7,0.0001
zenbook,far,rgb,rgb/rgb04.ppm,57.2,6.481e-7,0.0001
zenbook,far,rgb,rgb/rgb05.ppm,57.9,6.401e-7,0.0001
zenbook,far,rgb,rgb/rgb06.ppm,56.8,6.116e-7,0.0001
zenbook,far,rgb,rgb/rgb07.ppm,56.8,6.228e-7,0.0001
zenbook,far,ir,ir/frame00.pgm,51.8,6.222e-7,0.0001
zenbook,far,ir,ir/frame01.pgm,,,
zenbook,far,ir,ir/frame02.pgm,51.8,7.277e-7,0.0001
zenbook,far,ir,ir/frame03.pgm,,,
zenbook,far,ir,ir/frame04.pgm,52.2,6.647e-7,0.0001
zenbook,far,ir,ir/frame05.pgm,,,
zenbook,far,ir,ir/frame06.pgm,53.0,6.204e-7,0.0001
zenbook,far,ir,ir/frame07.pgm,,,
zenbook,far,ir,ir/frame08.pgm,54.1,5.795e-7,0.0001
zenbook,far,ir,ir/frame09.pgm,,,
zenbook,far,ir,ir/frame10.pgm,52.6,6.184e-7,0.0001
zenbook,far,ir,ir/frame11.pgm,,,
zenbook,far,ir,ir/frame12.pgm,53.6,6.185e-7,0.0001
zenbook,far,ir,ir/frame13.pgm,,,
zenbook,far,ir,ir/frame14.pgm,51.9,6.374e-7,0.0001
zenbook,far,ir,ir/frame15.pgm,,,
zenbook,far,ir,ir/frame16.pgm,52.7,6.185e-7,0.0001
zenbook,far,ir,ir/frame17.pgm,,,
zenbook,far,ir,ir/frame18.pgm,52.2,6.443e-7,0.0001
zenbook,far,ir,ir/frame19.pgm,,,
zenbook,far,ir,ir/frame20.pgm,50.7,6.335e-7,0.0001
zenbook,far,ir,ir/frame21.pgm,,,
zenbook,far,ir,ir/frame22.pgm,50.0,6.847e-7,0.0001
zenbook,far,ir,ir/frame23.pgm,,,
zenbook,frontal,rgb,rgb/rgb00.ppm,113.5,6.382e-7,0.0002
zenbook,frontal,rgb,rgb/rgb01.ppm,115.6,6.971e-7,0.0002
zenbook,frontal,rgb,rgb/rgb02.ppm,115.7,6.914e-7,0.0003
zenbook,frontal,rgb,rgb/rgb03.ppm,116.2,6.738e-7,0.0002
zenbook,frontal,rgb,rgb/rgb04.ppm,116.7,6.625e-7,0.0002
zenbook,frontal,rgb,rgb/rgb05.ppm,116.2,6.480e-7,0.0002
zenbook,frontal,rgb,rgb/rgb06.ppm,116.6,6.694e-7,0.0003
zenbook,frontal,rgb,rgb/rgb07.ppm,116.3,6.837e-7,0.0003
zenbook,frontal,ir,ir/frame00.pgm,99.4,6.774e-7,0.0003
zenbook,frontal,ir,ir/frame01.pgm,,,
zenbook,frontal,ir,ir/frame02.pgm,99.3,6.728e-7,0.0002
zenbook,frontal,ir,ir/frame03.pgm,,,
zenbook,frontal,ir,ir/frame04.pgm,99.7,6.538e-7,0.0003
zenbook,frontal,ir,ir/frame05.pgm,,,
zenbook,frontal,ir,ir/frame06.pgm,100.3,6.597e-7,0.0002
zenbook,frontal,ir,ir/frame07.pgm,,,
zenbook,frontal,ir,ir/frame08.pgm,99.8,6.758e-7,0.0002
zenbook,frontal,ir,ir/frame09.pgm,,,
zenbook,frontal,ir,ir/frame10.pgm,98.5,6.914e-7,0.0002
zenbook,frontal,ir,ir/frame11.pgm,,,
zenbook,frontal,ir,ir/frame12.pgm,97.9,6.835e-7,0.0002
zenbook,frontal,ir,ir/frame13.pgm,,,
zenbook,frontal,ir,ir/frame14.pgm,98.0,6.661e-7,0.0002
zenbook,frontal,ir,ir/frame15.pgm,,,
zenbook,frontal,ir,ir/frame16.pgm,98.7,6.763e-7,0.0002
zenbook,frontal,ir,ir/frame17.pgm,,,
zenbook,frontal,ir,ir/frame18.pgm,98.4,6.711e-7,0.0002
zenbook,frontal,ir,ir/frame19.pgm,,,
zenbook,frontal,ir,ir/frame20.pgm,98.7,6.537e-7,0.0002
zenbook,frontal,ir,ir/frame21.pgm,,,
zenbook,frontal,ir,ir/frame22.pgm,98.3,6.446e-7,0.0002
zenbook,frontal,ir,ir/frame23.pgm,,,
zenbook,glasses-on,rgb,rgb/rgb00.ppm,102.4,5.820e-7,0.0002
zenbook,glasses-on,rgb,rgb/rgb01.ppm,102.0,6.205e-7,0.0002
zenbook,glasses-on,rgb,rgb/rgb02.ppm,100.5,6.020e-7,0.0002
zenbook,glasses-on,rgb,rgb/rgb03.ppm,100.4,6.397e-7,0.0002
zenbook,glasses-on,rgb,rgb/rgb04.ppm,99.3,5.790e-7,0.0002
zenbook,glasses-on,rgb,rgb/rgb05.ppm,99.6,6.325e-7,0.0002
zenbook,glasses-on,rgb,rgb/rgb06.ppm,99.5,6.113e-7,0.0003
zenbook,glasses-on,rgb,rgb/rgb07.ppm,101.5,5.886e-7,0.0002
zenbook,glasses-on,ir,ir/frame00.pgm,86.6,5.969e-7,0.0002
zenbook,glasses-on,ir,ir/frame01.pgm,,,
zenbook,glasses-on,ir,ir/frame02.pgm,85.9,5.803e-7,0.0001
zenbook,glasses-on,ir,ir/frame03.pgm,,,
zenbook,glasses-on,ir,ir/frame04.pgm,86.5,5.720e-7,0.0002
zenbook,glasses-on,ir,ir/frame05.pgm,,,
zenbook,glasses-on,ir,ir/frame06.pgm,86.9,5.832e-7,0.0002
zenbook,glasses-on,ir,ir/frame07.pgm,,,
zenbook,glasses-on,ir,ir/frame08.pgm,86.5,5.433e-7,0.0002
zenbook,glasses-on,ir,ir/frame09.pgm,,,
zenbook,glasses-on,ir,ir/frame10.pgm,85.8,5.641e-7,0.0002
zenbook,glasses-on,ir,ir/frame11.pgm,,,
zenbook,glasses-on,ir,ir/frame12.pgm,88.3,5.861e-7,0.0002
zenbook,glasses-on,ir,ir/frame13.pgm,,,
zenbook,glasses-on,ir,ir/frame14.pgm,87.6,5.990e-7,0.0002
zenbook,glasses-on,ir,ir/frame15.pgm,,,
zenbook,glasses-on,ir,ir/frame16.pgm,87.9,5.923e-7,0.0002
zenbook,glasses-on,ir,ir/frame17.pgm,,,
zenbook,glasses-on,ir,ir/frame18.pgm,87.1,5.900e-7,0.0002
zenbook,glasses-on,ir,ir/frame19.pgm,,,
zenbook,glasses-on,ir,ir/frame20.pgm,86.8,5.817e-7,0.0002
zenbook,glasses-on,ir,ir/frame21.pgm,,,
zenbook,glasses-on,ir,ir/frame22.pgm,86.1,5.765e-7,0.0002
zenbook,glasses-on,ir,ir/frame23.pgm,,,
zenbook,sweep,rgb,rgb/rgb00.ppm,99.4,6.409e-7,0.0002
zenbook,sweep,rgb,rgb/rgb01.ppm,98.3,6.826e-7,0.0002
zenbook,sweep,rgb,rgb/rgb02.ppm,92.4,7.112e-7,0.0003
zenbook,sweep,rgb,rgb/rgb03.ppm,79.2,8.747e-7,0.0002
zenbook,sweep,rgb,rgb/rgb04.ppm,61.3,1.139e-6,0.0002
zenbook,sweep,rgb,rgb/rgb05.ppm,55.3,1.234e-6,0.0002
zenbook,sweep,rgb,rgb/rgb06.ppm,58.3,1.136e-6,0.0002
zenbook,sweep,rgb,rgb/rgb07.ppm,84.1,8.281e-7,0.0002
zenbook,sweep,ir,ir/frame00.pgm,77.4,7.340e-7,0.0002
zenbook,sweep,ir,ir/frame01.pgm,,,
zenbook,sweep,ir,ir/frame02.pgm,79.5,7.215e-7,0.0002
zenbook,sweep,ir,ir/frame03.pgm,,,
zenbook,sweep,ir,ir/frame04.pgm,80.9,7.022e-7,0.0002
zenbook,sweep,ir,ir/frame05.pgm,,,
zenbook,sweep,ir,ir/frame06.pgm,82.1,6.849e-7,0.0002
zenbook,sweep,ir,ir/frame07.pgm,,,
zenbook,sweep,ir,ir/frame08.pgm,82.3,7.147e-7,0.0002
zenbook,sweep,ir,ir/frame09.pgm,,,
zenbook,sweep,ir,ir/frame10.pgm,82.8,6.661e-7,0.0002
zenbook,sweep,ir,ir/frame11.pgm,,,
zenbook,sweep,ir,ir/frame12.pgm,84.6,6.350e-7,0.0002
zenbook,sweep,ir,ir/frame13.pgm,,,
zenbook,sweep,ir,ir/frame14.pgm,86.1,6.604e-7,0.0002
zenbook,sweep,ir,ir/frame15.pgm,,,
zenbook,sweep,ir,ir/frame16.pgm,85.2,6.131e-7,0.0002
zenbook,sweep,ir,ir/frame17.pgm,,,
zenbook,sweep,ir,ir/frame18.pgm,84.9,6.646e-7,0.0002
zenbook,sweep,ir,ir/frame19.pgm,,,
zenbook,sweep,ir,ir/frame20.pgm,86.8,6.117e-7,0.0002
zenbook,sweep,ir,ir/frame21.pgm,,,
zenbook,sweep,ir,ir/frame22.pgm,84.2,6.692e-7,0.0002
zenbook,sweep,ir,ir/frame23.pgm,,,
nexigo,close,rgb,rgb/rgb00.ppm,166.0,7.019e-7,0.0004
nexigo,close,rgb,rgb/rgb01.ppm,164.9,7.100e-7,0.0003
nexigo,close,rgb,rgb/rgb02.ppm,165.3,6.778e-7,0.0004
nexigo,close,rgb,rgb/rgb03.ppm,164.1,6.721e-7,0.0004
nexigo,close,rgb,rgb/rgb04.ppm,164.9,7.085e-7,0.0003
nexigo,close,rgb,rgb/rgb05.ppm,165.1,7.251e-7,0.0003
nexigo,close,rgb,rgb/rgb06.ppm,164.3,7.092e-7,0.0004
nexigo,close,rgb,rgb/rgb07.ppm,162.3,7.498e-7,0.0004
nexigo,close,ir,ir/frame00.pgm,,,
nexigo,close,ir,ir/frame01.pgm,,,
nexigo,close,ir,ir/frame02.pgm,,,
nexigo,close,ir,ir/frame03.pgm,147.8,9.085e-7,0.0004
nexigo,close,ir,ir/frame04.pgm,,,
nexigo,close,ir,ir/frame05.pgm,147.4,7.664e-7,0.0003
nexigo,close,ir,ir/frame06.pgm,,,
nexigo,close,ir,ir/frame07.pgm,148.9,1.125e-6,0.0005
nexigo,close,ir,ir/frame08.pgm,,,
nexigo,close,ir,ir/frame09.pgm,149.1,1.099e-6,0.0005
nexigo,close,ir,ir/frame10.pgm,,,
nexigo,close,ir,ir/frame11.pgm,146.8,6.043e-7,0.0003
nexigo,close,ir,ir/frame12.pgm,,,
nexigo,close,ir,ir/frame13.pgm,147.7,1.129e-6,0.0004
nexigo,close,ir,ir/frame14.pgm,,,
nexigo,close,ir,ir/frame15.pgm,149.8,6.886e-7,0.0003
nexigo,close,ir,ir/frame16.pgm,,,
nexigo,close,ir,ir/frame17.pgm,145.3,7.459e-7,0.0003
nexigo,close,ir,ir/frame18.pgm,,,
nexigo,close,ir,ir/frame19.pgm,146.7,7.276e-7,0.0003
nexigo,close,ir,ir/frame20.pgm,,,
nexigo,close,ir,ir/frame21.pgm,145.9,6.941e-7,0.0004
nexigo,close,ir,ir/frame22.pgm,,,
nexigo,close,ir,ir/frame23.pgm,148.2,6.787e-7,0.0004
nexigo,dusk,rgb,rgb/rgb00.ppm,93.4,6.398e-7,0.0002
nexigo,dusk,rgb,rgb/rgb01.ppm,93.6,6.374e-7,0.0002
nexigo,dusk,rgb,rgb/rgb02.ppm,92.8,6.264e-7,0.0002
nexigo,dusk,rgb,rgb/rgb03.ppm,92.8,6.122e-7,0.0002
nexigo,dusk,rgb,rgb/rgb04.ppm,92.9,6.055e-7,0.0002
nexigo,dusk,rgb,rgb/rgb05.ppm,92.4,6.166e-7,0.0002
nexigo,dusk,rgb,rgb/rgb06.ppm,92.3,6.269e-7,0.0002
nexigo,dusk,rgb,rgb/rgb07.ppm,93.3,6.148e-7,0.0002
nexigo,dusk,ir,ir/frame00.pgm,,,
nexigo,dusk,ir,ir/frame01.pgm,83.4,6.893e-7,0.0002
nexigo,dusk,ir,ir/frame02.pgm,,,
nexigo,dusk,ir,ir/frame03.pgm,83.6,6.569e-7,0.0002
nexigo,dusk,ir,ir/frame04.pgm,,,
nexigo,dusk,ir,ir/frame05.pgm,81.7,6.461e-7,0.0001
nexigo,dusk,ir,ir/frame06.pgm,,,
nexigo,dusk,ir,ir/frame07.pgm,82.7,6.940e-7,0.0002
nexigo,dusk,ir,ir/frame08.pgm,,,
nexigo,dusk,ir,ir/frame09.pgm,83.3,6.312e-7,0.0002
nexigo,dusk,ir,ir/frame10.pgm,,,
nexigo,dusk,ir,ir/frame11.pgm,82.7,6.395e-7,0.0002
nexigo,dusk,ir,ir/frame12.pgm,,,
nexigo,dusk,ir,ir/frame13.pgm,82.1,6.897e-7,0.0002
nexigo,dusk,ir,ir/frame14.pgm,,,
nexigo,dusk,ir,ir/frame15.pgm,82.6,6.622e-7,0.0002
nexigo,dusk,ir,ir/frame16.pgm,,,
nexigo,dusk,ir,ir/frame17.pgm,82.0,6.491e-7,0.0002
nexigo,dusk,ir,ir/frame18.pgm,,,
nexigo,dusk,ir,ir/frame19.pgm,81.2,6.850e-7,0.0002
nexigo,dusk,ir,ir/frame20.pgm,,,
nexigo,dusk,ir,ir/frame21.pgm,83.2,6.810e-7,0.0002
nexigo,dusk,ir,ir/frame22.pgm,,,
nexigo,dusk,ir,ir/frame23.pgm,82.7,6.840e-7,0.0002
nexigo,empty-dusk,rgb,rgb/rgb00.ppm,,,
nexigo,empty-dusk,rgb,rgb/rgb01.ppm,,,
nexigo,empty-dusk,rgb,rgb/rgb02.ppm,,,
nexigo,empty-dusk,rgb,rgb/rgb03.ppm,,,
nexigo,empty-dusk,rgb,rgb/rgb04.ppm,,,
nexigo,empty-dusk,rgb,rgb/rgb05.ppm,,,
nexigo,empty-dusk,rgb,rgb/rgb06.ppm,,,
nexigo,empty-dusk,rgb,rgb/rgb07.ppm,,,
nexigo,empty-dusk,ir,ir/frame00.pgm,,,
nexigo,empty-dusk,ir,ir/frame01.pgm,,,
nexigo,empty-dusk,ir,ir/frame02.pgm,,,
nexigo,empty-dusk,ir,ir/frame03.pgm,,,
nexigo,empty-dusk,ir,ir/frame04.pgm,,,
nexigo,empty-dusk,ir,ir/frame05.pgm,,,
nexigo,empty-dusk,ir,ir/frame06.pgm,,,
nexigo,empty-dusk,ir,ir/frame07.pgm,,,
nexigo,empty-dusk,ir,ir/frame08.pgm,,,
nexigo,empty-dusk,ir,ir/frame09.pgm,,,
nexigo,empty-dusk,ir,ir/frame10.pgm,,,
nexigo,empty-dusk,ir,ir/frame11.pgm,,,
nexigo,empty-dusk,ir,ir/frame12.pgm,,,
nexigo,empty-dusk,ir,ir/frame13.pgm,,,
nexigo,empty-dusk,ir,ir/frame14.pgm,,,
nexigo,empty-dusk,ir,ir/frame15.pgm,,,
nexigo,empty-dusk,ir,ir/frame16.pgm,,,
nexigo,empty-dusk,ir,ir/frame17.pgm,,,
nexigo,empty-dusk,ir,ir/frame18.pgm,,,
nexigo,empty-dusk,ir,ir/frame19.pgm,,,
nexigo,empty-dusk,ir,ir/frame20.pgm,,,
nexigo,empty-dusk,ir,ir/frame21.pgm,,,
nexigo,empty-dusk,ir,ir/frame22.pgm,,,
nexigo,empty-dusk,ir,ir/frame23.pgm,,,
nexigo,empty-lit,rgb,rgb/rgb00.ppm,,,
nexigo,empty-lit,rgb,rgb/rgb01.ppm,,,
nexigo,empty-lit,rgb,rgb/rgb02.ppm,,,
nexigo,empty-lit,rgb,rgb/rgb03.ppm,,,
nexigo,empty-lit,rgb,rgb/rgb04.ppm,,,
nexigo,empty-lit,rgb,rgb/rgb05.ppm,,,
nexigo,empty-lit,rgb,rgb/rgb06.ppm,,,
nexigo,empty-lit,rgb,rgb/rgb07.ppm,,,
nexigo,empty-lit,ir,ir/frame00.pgm,,,
nexigo,empty-lit,ir,ir/frame01.pgm,,,
nexigo,empty-lit,ir,ir/frame02.pgm,,,
nexigo,empty-lit,ir,ir/frame03.pgm,,,
nexigo,empty-lit,ir,ir/frame04.pgm,,,
nexigo,empty-lit,ir,ir/frame05.pgm,,,
nexigo,empty-lit,ir,ir/frame06.pgm,,,
nexigo,empty-lit,ir,ir/frame07.pgm,,,
nexigo,empty-lit,ir,ir/frame08.pgm,,,
nexigo,empty-lit,ir,ir/frame09.pgm,,,
nexigo,empty-lit,ir,ir/frame10.pgm,,,
nexigo,empty-lit,ir,ir/frame11.pgm,,,
nexigo,empty-lit,ir,ir/frame12.pgm,,,
nexigo,empty-lit,ir,ir/frame13.pgm,,,
nexigo,empty-lit,ir,ir/frame14.pgm,,,
nexigo,empty-lit,ir,ir/frame15.pgm,,,
nexigo,empty-lit,ir,ir/frame16.pgm,,,
nexigo,empty-lit,ir,ir/frame17.pgm,,,
nexigo,empty-lit,ir,ir/frame18.pgm,,,
nexigo,empty-lit,ir,ir/frame19.pgm,,,
nexigo,empty-lit,ir,ir/frame20.pgm,,,
nexigo,empty-lit,ir,ir/frame21.pgm,,,
nexigo,empty-lit,ir,ir/frame22.pgm,,,
nexigo,empty-lit,ir,ir/frame23.pgm,,,
nexigo,far,rgb,rgb/rgb00.ppm,53.1,6.627e-7,0.0001
nexigo,far,rgb,rgb/rgb01.ppm,53.7,6.490e-7,0.0001
nexigo,far,rgb,rgb/rgb02.ppm,53.5,6.760e-7,0.0001
nexigo,far,rgb,rgb/rgb03.ppm,53.9,6.652e-7,0.0002
nexigo,far,rgb,rgb/rgb04.ppm,53.9,6.961e-7,0.0002
nexigo,far,rgb,rgb/rgb05.ppm,54.0,6.694e-7,0.0001
nexigo,far,rgb,rgb/rgb06.ppm,53.7,6.891e-7,0.0001
nexigo,far,rgb,rgb/rgb07.ppm,53.7,7.101e-7,0.0001
nexigo,far,ir,ir/frame00.pgm,,,
nexigo,far,ir,ir/frame01.pgm,50.9,6.590e-7,0.0001
nexigo,far,ir,ir/frame02.pgm,,,
nexigo,far,ir,ir/frame03.pgm,50.6,6.905e-7,0.0001
nexigo,far,ir,ir/frame04.pgm,,,
nexigo,far,ir,ir/frame05.pgm,49.7,6.873e-7,0.0001
nexigo,far,ir,ir/frame06.pgm,,,
nexigo,far,ir,ir/frame07.pgm,48.9,6.791e-7,0.0001
nexigo,far,ir,ir/frame08.pgm,,,
nexigo,far,ir,ir/frame09.pgm,50.2,6.399e-7,0.0001
nexigo,far,ir,ir/frame10.pgm,,,
nexigo,far,ir,ir/frame11.pgm,49.7,7.052e-7,0.0001
nexigo,far,ir,ir/frame12.pgm,,,
nexigo,far,ir,ir/frame13.pgm,50.0,6.934e-7,0.0001
nexigo,far,ir,ir/frame14.pgm,,,
nexigo,far,ir,ir/frame15.pgm,50.4,6.817e-7,0.0001
nexigo,far,ir,ir/frame16.pgm,,,
nexigo,far,ir,ir/frame17.pgm,49.8,6.421e-7,0.0001
nexigo,far,ir,ir/frame18.pgm,,,
nexigo,far,ir,ir/frame19.pgm,50.4,6.416e-7,0.0001
nexigo,far,ir,ir/frame20.pgm,,,
nexigo,far,ir,ir/frame21.pgm,49.0,7.190e-7,0.0001
nexigo,far,ir,ir/frame22.pgm,,,
nexigo,far,ir,ir/frame23.pgm,48.5,6.750e-7,0.0001
nexigo,frontal,rgb,rgb/rgb00.ppm,94.0,6.997e-7,0.0003
nexigo,frontal,rgb,rgb/rgb01.ppm,94.8,6.869e-7,0.0003
nexigo,frontal,rgb,rgb/rgb02.ppm,94.8,6.612e-7,0.0002
nexigo,frontal,rgb,rgb/rgb03.ppm,94.8,6.268e-7,0.0002
nexigo,frontal,rgb,rgb/rgb04.ppm,94.3,6.328e-7,0.0002
nexigo,frontal,rgb,rgb/rgb05.ppm,95.2,6.579e-7,0.0002
nexigo,frontal,rgb,rgb/rgb06.ppm,95.1,6.768e-7,0.0002
nexigo,frontal,rgb,rgb/rgb07.ppm,94.9,6.381e-7,0.0002
nexigo,frontal,ir,ir/frame00.pgm,,,
nexigo,frontal,ir,ir/frame01.pgm,85.3,6.770e-7,0.0002
nexigo,frontal,ir,ir/frame02.pgm,,,
nexigo,frontal,ir,ir/frame03.pgm,86.0,6.857e-7,0.0002
nexigo,frontal,ir,ir/frame04.pgm,,,
nexigo,frontal,ir,ir/frame05.pgm,85.6,7.327e-7,0.0002
nexigo,frontal,ir,ir/frame06.pgm,,,
nexigo,frontal,ir,ir/frame07.pgm,87.0,6.670e-7,0.0002
nexigo,frontal,ir,ir/frame08.pgm,,,
nexigo,frontal,ir,ir/frame09.pgm,85.2,6.923e-7,0.0002
nexigo,frontal,ir,ir/frame10.pgm,,,
nexigo,frontal,ir,ir/frame11.pgm,86.6,6.476e-7,0.0002
nexigo,frontal,ir,ir/frame12.pgm,,,
nexigo,frontal,ir,ir/frame13.pgm,86.1,6.482e-7,0.0002
nexigo,frontal,ir,ir/frame14.pgm,,,
nexigo,frontal,ir,ir/frame15.pgm,86.4,6.848e-7,0.0003
nexigo,frontal,ir,ir/frame16.pgm,,,
nexigo,frontal,ir,ir/frame17.pgm,86.1,6.664e-7,0.0002
nexigo,frontal,ir,ir/frame18.pgm,,,
nexigo,frontal,ir,ir/frame19.pgm,86.5,7.173e-7,0.0002
nexigo,frontal,ir,ir/frame20.pgm,,,
nexigo,frontal,ir,ir/frame21.pgm,86.0,6.871e-7,0.0002
nexigo,frontal,ir,ir/frame22.pgm,,,
nexigo,frontal,ir,ir/frame23.pgm,85.6,7.102e-7,0.0002
nexigo,glasses-on,rgb,rgb/rgb00.ppm,94.2,6.393e-7,0.0002
nexigo,glasses-on,rgb,rgb/rgb01.ppm,96.1,6.461e-7,0.0002
nexigo,glasses-on,rgb,rgb/rgb02.ppm,96.9,6.367e-7,0.0002
nexigo,glasses-on,rgb,rgb/rgb03.ppm,96.8,6.306e-7,0.0002
nexigo,glasses-on,rgb,rgb/rgb04.ppm,97.4,6.593e-7,0.0003
nexigo,glasses-on,rgb,rgb/rgb05.ppm,97.0,6.205e-7,0.0002
nexigo,glasses-on,rgb,rgb/rgb06.ppm,97.8,6.788e-7,0.0002
nexigo,glasses-on,rgb,rgb/rgb07.ppm,97.0,6.389e-7,0.0002
nexigo,glasses-on,ir,ir/frame00.pgm,,,
nexigo,glasses-on,ir,ir/frame01.pgm,91.6,5.824e-7,0.0002
nexigo,glasses-on,ir,ir/frame02.pgm,,,
nexigo,glasses-on,ir,ir/frame03.pgm,90.8,6.114e-7,0.0002
nexigo,glasses-on,ir,ir/frame04.pgm,,,
nexigo,glasses-on,ir,ir/frame05.pgm,91.5,6.353e-7,0.0002
nexigo,glasses-on,ir,ir/frame06.pgm,,,
nexigo,glasses-on,ir,ir/frame07.pgm,90.5,6.983e-7,0.0002
nexigo,glasses-on,ir,ir/frame08.pgm,,,
nexigo,glasses-on,ir,ir/frame09.pgm,91.6,6.237e-7,0.0002
nexigo,glasses-on,ir,ir/frame10.pgm,,,
nexigo,glasses-on,ir,ir/frame11.pgm,91.3,6.123e-7,0.0002
nexigo,glasses-on,ir,ir/frame12.pgm,,,
nexigo,glasses-on,ir,ir/frame13.pgm,89.8,6.600e-7,0.0002
nexigo,glasses-on,ir,ir/frame14.pgm,,,
nexigo,glasses-on,ir,ir/frame15.pgm,90.0,6.035e-7,0.0002
nexigo,glasses-on,ir,ir/frame16.pgm,,,
nexigo,glasses-on,ir,ir/frame17.pgm,89.6,6.100e-7,0.0002
nexigo,glasses-on,ir,ir/frame18.pgm,,,
nexigo,glasses-on,ir,ir/frame19.pgm,89.2,6.148e-7,0.0002
nexigo,glasses-on,ir,ir/frame20.pgm,,,
nexigo,glasses-on,ir,ir/frame21.pgm,91.3,6.263e-7,0.0002
nexigo,glasses-on,ir,ir/frame22.pgm,,,
nexigo,glasses-on,ir,ir/frame23.pgm,91.7,6.230e-7,0.0002
nexigo,sweep,rgb,rgb/rgb00.ppm,93.0,7.099e-7,0.0003
nexigo,sweep,rgb,rgb/rgb01.ppm,65.6,1.036e-6,0.0002
nexigo,sweep,rgb,rgb/rgb02.ppm,87.4,6.405e-7,0.0002
nexigo,sweep,rgb,rgb/rgb03.ppm,91.8,6.553e-7,0.0002
nexigo,sweep,rgb,rgb/rgb04.ppm,88.4,6.577e-7,0.0002
nexigo,sweep,rgb,rgb/rgb05.ppm,94.6,7.034e-7,0.0002
nexigo,sweep,rgb,rgb/rgb06.ppm,69.0,1.018e-6,0.0002
nexigo,sweep,rgb,rgb/rgb07.ppm,89.6,6.669e-7,0.0002
nexigo,sweep,ir,ir/frame00.pgm,,,
nexigo,sweep,ir,ir/frame01.pgm,,,
nexigo,sweep,ir,ir/frame02.pgm,,,
nexigo,sweep,ir,ir/frame03.pgm,68.2,1.502e-6,0.0002
nexigo,sweep,ir,ir/frame04.pgm,,,
nexigo,sweep,ir,ir/frame05.pgm,71.0,6.184e-7,0.0002
nexigo,sweep,ir,ir/frame06.pgm,,,
nexigo,sweep,ir,ir/frame07.pgm,67.9,7.345e-7,0.0002
nexigo,sweep,ir,ir/frame08.pgm,,,
nexigo,sweep,ir,ir/frame09.pgm,66.7,7.298e-7,0.0002
nexigo,sweep,ir,ir/frame10.pgm,,,
nexigo,sweep,ir,ir/frame11.pgm,66.2,8.125e-7,0.0002
nexigo,sweep,ir,ir/frame12.pgm,,,
nexigo,sweep,ir,ir/frame13.pgm,61.7,8.887e-7,0.0002
nexigo,sweep,ir,ir/frame14.pgm,,,
nexigo,sweep,ir,ir/frame15.pgm,57.6,8.188e-7,0.0002
nexigo,sweep,ir,ir/frame16.pgm,,,
nexigo,sweep,ir,ir/frame17.pgm,56.8,9.312e-7,0.0002
nexigo,sweep,ir,ir/frame18.pgm,,,
nexigo,sweep,ir,ir/frame19.pgm,54.6,8.993e-7,0.0002
nexigo,sweep,ir,ir/frame20.pgm,,,
nexigo,sweep,ir,ir/frame21.pgm,52.5,8.325e-7,0.0002
nexigo,sweep,ir,ir/frame22.pgm,,,
nexigo,sweep,ir,ir/frame23.pgm,53.4,8.715e-7,0.0002
