camera,segment,kind,frame,model,n,score,mean
zenbook,close,rgb,rgb/rgb00.ppm,short,1,0.9211,136.1
zenbook,close,rgb,rgb/rgb00.ppm,full,1,0.6414,136.1
zenbook,close,rgb,rgb/rgb01.ppm,short,1,0.9271,135.7
zenbook,close,rgb,rgb/rgb01.ppm,full,1,0.7806,135.7
zenbook,close,rgb,rgb/rgb02.ppm,short,1,0.9266,136.9
zenbook,close,rgb,rgb/rgb02.ppm,full,1,0.7059,136.9
zenbook,close,rgb,rgb/rgb03.ppm,short,1,0.9358,136.8
zenbook,close,rgb,rgb/rgb03.ppm,full,1,0.7271,136.8
zenbook,close,rgb,rgb/rgb04.ppm,short,1,0.9316,136.8
zenbook,close,rgb,rgb/rgb04.ppm,full,1,0.6864,136.8
zenbook,close,rgb,rgb/rgb05.ppm,short,1,0.9339,137.2
zenbook,close,rgb,rgb/rgb05.ppm,full,1,0.6926,137.2
zenbook,close,rgb,rgb/rgb06.ppm,short,1,0.9334,137.4
zenbook,close,rgb,rgb/rgb06.ppm,full,1,0.7146,137.4
zenbook,close,rgb,rgb/rgb07.ppm,short,1,0.9276,137.7
zenbook,close,rgb,rgb/rgb07.ppm,full,1,0.7146,137.7
zenbook,close,ir,ir/frame00.pgm,short,1,0.8160,146.8
zenbook,close,ir,ir/frame00.pgm,full,1,0.6797,146.8
zenbook,close,ir,ir/frame01.pgm,short,0,,5.8
zenbook,close,ir,ir/frame01.pgm,full,0,,5.8
zenbook,close,ir,ir/frame02.pgm,short,1,0.8214,145.6
zenbook,close,ir,ir/frame02.pgm,full,1,0.6848,145.6
zenbook,close,ir,ir/frame03.pgm,short,0,,6.0
zenbook,close,ir,ir/frame03.pgm,full,0,,6.0
zenbook,close,ir,ir/frame04.pgm,short,1,0.8323,136.6
zenbook,close,ir,ir/frame04.pgm,full,1,0.6942,136.6
zenbook,close,ir,ir/frame05.pgm,short,0,,5.7
zenbook,close,ir,ir/frame05.pgm,full,0,,5.7
zenbook,close,ir,ir/frame06.pgm,short,1,0.8391,123.5
zenbook,close,ir,ir/frame06.pgm,full,1,0.7040,123.5
zenbook,close,ir,ir/frame07.pgm,short,0,,5.3
zenbook,close,ir,ir/frame07.pgm,full,0,,5.3
zenbook,close,ir,ir/frame08.pgm,short,1,0.8959,112.5
zenbook,close,ir,ir/frame08.pgm,full,1,0.6876,112.5
zenbook,close,ir,ir/frame09.pgm,short,0,,4.8
zenbook,close,ir,ir/frame09.pgm,full,0,,4.8
zenbook,close,ir,ir/frame10.pgm,short,1,0.9212,98.8
zenbook,close,ir,ir/frame10.pgm,full,1,0.7314,98.8
zenbook,close,ir,ir/frame11.pgm,short,0,,4.3
zenbook,close,ir,ir/frame11.pgm,full,0,,4.3
zenbook,close,ir,ir/frame12.pgm,short,1,0.9366,86.8
zenbook,close,ir,ir/frame12.pgm,full,1,0.8130,86.8
zenbook,close,ir,ir/frame13.pgm,short,0,,3.9
zenbook,close,ir,ir/frame13.pgm,full,0,,3.9
zenbook,close,ir,ir/frame14.pgm,short,1,0.9472,78.5
zenbook,close,ir,ir/frame14.pgm,full,1,0.7788,78.5
zenbook,close,ir,ir/frame15.pgm,short,0,,3.5
zenbook,close,ir,ir/frame15.pgm,full,0,,3.5
zenbook,close,ir,ir/frame16.pgm,short,1,0.9569,67.2
zenbook,close,ir,ir/frame16.pgm,full,1,0.7966,67.2
zenbook,close,ir,ir/frame17.pgm,short,0,,3.3
zenbook,close,ir,ir/frame17.pgm,full,0,,3.3
zenbook,close,ir,ir/frame18.pgm,short,1,0.9593,63.9
zenbook,close,ir,ir/frame18.pgm,full,1,0.8102,63.9
zenbook,close,ir,ir/frame19.pgm,short,0,,3.1
zenbook,close,ir,ir/frame19.pgm,full,0,,3.1
zenbook,close,ir,ir/frame20.pgm,short,1,0.9594,60.4
zenbook,close,ir,ir/frame20.pgm,full,1,0.8144,60.4
zenbook,close,ir,ir/frame21.pgm,short,0,,3.0
zenbook,close,ir,ir/frame21.pgm,full,0,,3.0
zenbook,close,ir,ir/frame22.pgm,short,1,0.9588,59.2
zenbook,close,ir,ir/frame22.pgm,full,1,0.7983,59.2
zenbook,close,ir,ir/frame23.pgm,short,0,,2.9
zenbook,close,ir,ir/frame23.pgm,full,0,,2.9
zenbook,far,rgb,rgb/rgb00.ppm,short,1,0.7575,148.0
zenbook,far,rgb,rgb/rgb00.ppm,full,1,0.9409,148.0
zenbook,far,rgb,rgb/rgb01.ppm,short,1,0.8441,149.7
zenbook,far,rgb,rgb/rgb01.ppm,full,1,0.9352,149.7
zenbook,far,rgb,rgb/rgb02.ppm,short,1,0.8150,150.3
zenbook,far,rgb,rgb/rgb02.ppm,full,1,0.9431,150.3
zenbook,far,rgb,rgb/rgb03.ppm,short,1,0.8364,149.4
zenbook,far,rgb,rgb/rgb03.ppm,full,1,0.9408,149.4
zenbook,far,rgb,rgb/rgb04.ppm,short,1,0.8197,149.5
zenbook,far,rgb,rgb/rgb04.ppm,full,1,0.9329,149.5
zenbook,far,rgb,rgb/rgb05.ppm,short,1,0.7512,149.7
zenbook,far,rgb,rgb/rgb05.ppm,full,1,0.9448,149.7
zenbook,far,rgb,rgb/rgb06.ppm,short,1,0.8119,149.7
zenbook,far,rgb,rgb/rgb06.ppm,full,1,0.9490,149.7
zenbook,far,rgb,rgb/rgb07.ppm,short,1,0.7817,149.8
zenbook,far,rgb,rgb/rgb07.ppm,full,1,0.9469,149.8
zenbook,far,ir,ir/frame00.pgm,short,0,,16.5
zenbook,far,ir,ir/frame00.pgm,full,1,0.8165,16.5
zenbook,far,ir,ir/frame01.pgm,short,0,,3.6
zenbook,far,ir,ir/frame01.pgm,full,0,,3.6
zenbook,far,ir,ir/frame02.pgm,short,0,,17.3
zenbook,far,ir,ir/frame02.pgm,full,1,0.8061,17.3
zenbook,far,ir,ir/frame03.pgm,short,0,,6.0
zenbook,far,ir,ir/frame03.pgm,full,0,,6.0
zenbook,far,ir,ir/frame04.pgm,short,0,,21.9
zenbook,far,ir,ir/frame04.pgm,full,1,0.8599,21.9
zenbook,far,ir,ir/frame05.pgm,short,0,,8.1
zenbook,far,ir,ir/frame05.pgm,full,0,,8.1
zenbook,far,ir,ir/frame06.pgm,short,0,,28.9
zenbook,far,ir,ir/frame06.pgm,full,1,0.8384,28.9
zenbook,far,ir,ir/frame07.pgm,short,0,,11.8
zenbook,far,ir,ir/frame07.pgm,full,0,,11.8
zenbook,far,ir,ir/frame08.pgm,short,0,,41.7
zenbook,far,ir,ir/frame08.pgm,full,1,0.8047,41.7
zenbook,far,ir,ir/frame09.pgm,short,0,,16.0
zenbook,far,ir,ir/frame09.pgm,full,0,,16.0
zenbook,far,ir,ir/frame10.pgm,short,0,,54.8
zenbook,far,ir,ir/frame10.pgm,full,1,0.7772,54.8
zenbook,far,ir,ir/frame11.pgm,short,0,,17.6
zenbook,far,ir,ir/frame11.pgm,full,0,,17.6
zenbook,far,ir,ir/frame12.pgm,short,0,,57.3
zenbook,far,ir,ir/frame12.pgm,full,1,0.8015,57.3
zenbook,far,ir,ir/frame13.pgm,short,0,,19.0
zenbook,far,ir,ir/frame13.pgm,full,0,,19.0
zenbook,far,ir,ir/frame14.pgm,short,0,,59.9
zenbook,far,ir,ir/frame14.pgm,full,1,0.8157,59.9
zenbook,far,ir,ir/frame15.pgm,short,0,,20.3
zenbook,far,ir,ir/frame15.pgm,full,0,,20.3
zenbook,far,ir,ir/frame16.pgm,short,0,,62.9
zenbook,far,ir,ir/frame16.pgm,full,1,0.8192,62.9
zenbook,far,ir,ir/frame17.pgm,short,0,,21.4
zenbook,far,ir,ir/frame17.pgm,full,0,,21.4
zenbook,far,ir,ir/frame18.pgm,short,0,,65.7
zenbook,far,ir,ir/frame18.pgm,full,1,0.8144,65.7
zenbook,far,ir,ir/frame19.pgm,short,0,,22.6
zenbook,far,ir,ir/frame19.pgm,full,0,,22.6
zenbook,far,ir,ir/frame20.pgm,short,0,,68.7
zenbook,far,ir,ir/frame20.pgm,full,1,0.8344,68.7
zenbook,far,ir,ir/frame21.pgm,short,0,,23.2
zenbook,far,ir,ir/frame21.pgm,full,0,,23.2
zenbook,far,ir,ir/frame22.pgm,short,0,,69.7
zenbook,far,ir,ir/frame22.pgm,full,1,0.8335,69.7
zenbook,far,ir,ir/frame23.pgm,short,0,,23.5
zenbook,far,ir,ir/frame23.pgm,full,0,,23.5
zenbook,frontal,rgb,rgb/rgb00.ppm,short,1,0.9385,146.7
zenbook,frontal,rgb,rgb/rgb00.ppm,full,1,0.9060,146.7
zenbook,frontal,rgb,rgb/rgb01.ppm,short,1,0.9203,148.0
zenbook,frontal,rgb,rgb/rgb01.ppm,full,1,0.9217,148.0
zenbook,frontal,rgb,rgb/rgb02.ppm,short,1,0.9335,147.5
zenbook,frontal,rgb,rgb/rgb02.ppm,full,1,0.9403,147.5
zenbook,frontal,rgb,rgb/rgb03.ppm,short,1,0.9411,147.1
zenbook,frontal,rgb,rgb/rgb03.ppm,full,1,0.9160,147.1
zenbook,frontal,rgb,rgb/rgb04.ppm,short,1,0.9489,147.2
zenbook,frontal,rgb,rgb/rgb04.ppm,full,1,0.9173,147.2
zenbook,frontal,rgb,rgb/rgb05.ppm,short,1,0.9507,147.3
zenbook,frontal,rgb,rgb/rgb05.ppm,full,1,0.9173,147.3
zenbook,frontal,rgb,rgb/rgb06.ppm,short,1,0.9465,147.2
zenbook,frontal,rgb,rgb/rgb06.ppm,full,1,0.9302,147.2
zenbook,frontal,rgb,rgb/rgb07.ppm,short,1,0.9459,147.4
zenbook,frontal,rgb,rgb/rgb07.ppm,full,1,0.9412,147.4
zenbook,frontal,ir,ir/frame00.pgm,short,1,0.9479,32.9
zenbook,frontal,ir,ir/frame00.pgm,full,1,0.8844,32.9
zenbook,frontal,ir,ir/frame01.pgm,short,0,,1.8
zenbook,frontal,ir,ir/frame01.pgm,full,0,,1.8
zenbook,frontal,ir,ir/frame02.pgm,short,1,0.9494,35.0
zenbook,frontal,ir,ir/frame02.pgm,full,1,0.8813,35.0
zenbook,frontal,ir,ir/frame03.pgm,short,0,,3.1
zenbook,frontal,ir,ir/frame03.pgm,full,0,,3.1
zenbook,frontal,ir,ir/frame04.pgm,short,1,0.9549,46.6
zenbook,frontal,ir,ir/frame04.pgm,full,1,0.8541,46.6
zenbook,frontal,ir,ir/frame05.pgm,short,0,,4.8
zenbook,frontal,ir,ir/frame05.pgm,full,0,,4.8
zenbook,frontal,ir,ir/frame06.pgm,short,1,0.9573,63.3
zenbook,frontal,ir,ir/frame06.pgm,full,1,0.8807,63.3
zenbook,frontal,ir,ir/frame07.pgm,short,0,,5.7
zenbook,frontal,ir,ir/frame07.pgm,full,0,,5.7
zenbook,frontal,ir,ir/frame08.pgm,short,1,0.9599,65.9
zenbook,frontal,ir,ir/frame08.pgm,full,1,0.8791,65.9
zenbook,frontal,ir,ir/frame09.pgm,short,0,,6.1
zenbook,frontal,ir,ir/frame09.pgm,full,0,,6.1
zenbook,frontal,ir,ir/frame10.pgm,short,1,0.9595,66.5
zenbook,frontal,ir,ir/frame10.pgm,full,1,0.8693,66.5
zenbook,frontal,ir,ir/frame11.pgm,short,0,,6.3
zenbook,frontal,ir,ir/frame11.pgm,full,0,,6.3
zenbook,frontal,ir,ir/frame12.pgm,short,1,0.9581,66.8
zenbook,frontal,ir,ir/frame12.pgm,full,1,0.8627,66.8
zenbook,frontal,ir,ir/frame13.pgm,short,0,,6.5
zenbook,frontal,ir,ir/frame13.pgm,full,0,,6.5
zenbook,frontal,ir,ir/frame14.pgm,short,1,0.9573,66.8
zenbook,frontal,ir,ir/frame14.pgm,full,1,0.8711,66.8
zenbook,frontal,ir,ir/frame15.pgm,short,0,,6.8
zenbook,frontal,ir,ir/frame15.pgm,full,0,,6.8
zenbook,frontal,ir,ir/frame16.pgm,short,1,0.9552,68.2
zenbook,frontal,ir,ir/frame16.pgm,full,1,0.8550,68.2
zenbook,frontal,ir,ir/frame17.pgm,short,0,,7.0
zenbook,frontal,ir,ir/frame17.pgm,full,0,,7.0
zenbook,frontal,ir,ir/frame18.pgm,short,1,0.9550,68.8
zenbook,frontal,ir,ir/frame18.pgm,full,1,0.8443,68.8
zenbook,frontal,ir,ir/frame19.pgm,short,0,,7.1
zenbook,frontal,ir,ir/frame19.pgm,full,0,,7.1
zenbook,frontal,ir,ir/frame20.pgm,short,1,0.9542,69.0
zenbook,frontal,ir,ir/frame20.pgm,full,1,0.8427,69.0
zenbook,frontal,ir,ir/frame21.pgm,short,0,,7.2
zenbook,frontal,ir,ir/frame21.pgm,full,0,,7.2
zenbook,frontal,ir,ir/frame22.pgm,short,1,0.9530,69.2
zenbook,frontal,ir,ir/frame22.pgm,full,1,0.8476,69.2
zenbook,frontal,ir,ir/frame23.pgm,short,0,,7.3
zenbook,frontal,ir,ir/frame23.pgm,full,0,,7.3
zenbook,glasses-on,rgb,rgb/rgb00.ppm,short,1,0.9471,170.7
zenbook,glasses-on,rgb,rgb/rgb00.ppm,full,1,0.8297,170.7
zenbook,glasses-on,rgb,rgb/rgb01.ppm,short,1,0.9448,172.8
zenbook,glasses-on,rgb,rgb/rgb01.ppm,full,1,0.7872,172.8
zenbook,glasses-on,rgb,rgb/rgb02.ppm,short,1,0.9558,166.1
zenbook,glasses-on,rgb,rgb/rgb02.ppm,full,1,0.8427,166.1
zenbook,glasses-on,rgb,rgb/rgb03.ppm,short,1,0.9479,161.5
zenbook,glasses-on,rgb,rgb/rgb03.ppm,full,1,0.8005,161.5
zenbook,glasses-on,rgb,rgb/rgb04.ppm,short,1,0.9538,161.6
zenbook,glasses-on,rgb,rgb/rgb04.ppm,full,1,0.8204,161.6
zenbook,glasses-on,rgb,rgb/rgb05.ppm,short,1,0.9425,162.0
zenbook,glasses-on,rgb,rgb/rgb05.ppm,full,1,0.8357,162.0
zenbook,glasses-on,rgb,rgb/rgb06.ppm,short,1,0.9412,162.7
zenbook,glasses-on,rgb,rgb/rgb06.ppm,full,1,0.7982,162.7
zenbook,glasses-on,rgb,rgb/rgb07.ppm,short,1,0.9509,162.4
zenbook,glasses-on,rgb,rgb/rgb07.ppm,full,1,0.8635,162.4
zenbook,glasses-on,ir,ir/frame00.pgm,short,1,0.9063,96.2
zenbook,glasses-on,ir,ir/frame00.pgm,full,1,0.8668,96.2
zenbook,glasses-on,ir,ir/frame01.pgm,short,0,,17.7
zenbook,glasses-on,ir,ir/frame01.pgm,full,0,,17.7
zenbook,glasses-on,ir,ir/frame02.pgm,short,1,0.9137,94.5
zenbook,glasses-on,ir,ir/frame02.pgm,full,1,0.8853,94.5
zenbook,glasses-on,ir,ir/frame03.pgm,short,0,,18.5
zenbook,glasses-on,ir,ir/frame03.pgm,full,0,,18.5
zenbook,glasses-on,ir,ir/frame04.pgm,short,1,0.9133,93.1
zenbook,glasses-on,ir,ir/frame04.pgm,full,1,0.9013,93.1
zenbook,glasses-on,ir,ir/frame05.pgm,short,0,,18.9
zenbook,glasses-on,ir,ir/frame05.pgm,full,0,,18.9
zenbook,glasses-on,ir,ir/frame06.pgm,short,1,0.9118,92.0
zenbook,glasses-on,ir,ir/frame06.pgm,full,1,0.9051,92.0
zenbook,glasses-on,ir,ir/frame07.pgm,short,0,,19.1
zenbook,glasses-on,ir,ir/frame07.pgm,full,0,,19.1
zenbook,glasses-on,ir,ir/frame08.pgm,short,1,0.9066,91.3
zenbook,glasses-on,ir,ir/frame08.pgm,full,1,0.9085,91.3
zenbook,glasses-on,ir,ir/frame09.pgm,short,0,,19.2
zenbook,glasses-on,ir,ir/frame09.pgm,full,0,,19.2
zenbook,glasses-on,ir,ir/frame10.pgm,short,1,0.9243,90.6
zenbook,glasses-on,ir,ir/frame10.pgm,full,1,0.9314,90.6
zenbook,glasses-on,ir,ir/frame11.pgm,short,0,,19.3
zenbook,glasses-on,ir,ir/frame11.pgm,full,0,,19.3
zenbook,glasses-on,ir,ir/frame12.pgm,short,1,0.9301,90.1
zenbook,glasses-on,ir,ir/frame12.pgm,full,1,0.8932,90.1
zenbook,glasses-on,ir,ir/frame13.pgm,short,0,,19.4
zenbook,glasses-on,ir,ir/frame13.pgm,full,0,,19.4
zenbook,glasses-on,ir,ir/frame14.pgm,short,1,0.9279,89.5
zenbook,glasses-on,ir,ir/frame14.pgm,full,1,0.8657,89.5
zenbook,glasses-on,ir,ir/frame15.pgm,short,0,,19.5
zenbook,glasses-on,ir,ir/frame15.pgm,full,0,,19.5
zenbook,glasses-on,ir,ir/frame16.pgm,short,1,0.9188,89.1
zenbook,glasses-on,ir,ir/frame16.pgm,full,1,0.8822,89.1
zenbook,glasses-on,ir,ir/frame17.pgm,short,0,,19.5
zenbook,glasses-on,ir,ir/frame17.pgm,full,0,,19.5
zenbook,glasses-on,ir,ir/frame18.pgm,short,1,0.9236,88.6
zenbook,glasses-on,ir,ir/frame18.pgm,full,1,0.8706,88.6
zenbook,glasses-on,ir,ir/frame19.pgm,short,0,,19.6
zenbook,glasses-on,ir,ir/frame19.pgm,full,0,,19.6
zenbook,glasses-on,ir,ir/frame20.pgm,short,1,0.9201,88.0
zenbook,glasses-on,ir,ir/frame20.pgm,full,1,0.8655,88.0
zenbook,glasses-on,ir,ir/frame21.pgm,short,0,,19.7
zenbook,glasses-on,ir,ir/frame21.pgm,full,0,,19.7
zenbook,glasses-on,ir,ir/frame22.pgm,short,1,0.9266,87.5
zenbook,glasses-on,ir,ir/frame22.pgm,full,1,0.8528,87.5
zenbook,glasses-on,ir,ir/frame23.pgm,short,0,,19.7
zenbook,glasses-on,ir,ir/frame23.pgm,full,0,,19.7
zenbook,sweep,rgb,rgb/rgb00.ppm,short,1,0.9462,173.0
zenbook,sweep,rgb,rgb/rgb00.ppm,full,1,0.8967,173.0
zenbook,sweep,rgb,rgb/rgb01.ppm,short,1,0.9517,173.7
zenbook,sweep,rgb,rgb/rgb01.ppm,full,1,0.9394,173.7
zenbook,sweep,rgb,rgb/rgb02.ppm,short,1,0.9386,173.9
zenbook,sweep,rgb,rgb/rgb02.ppm,full,1,0.8322,173.9
zenbook,sweep,rgb,rgb/rgb03.ppm,short,1,0.9461,173.6
zenbook,sweep,rgb,rgb/rgb03.ppm,full,1,0.8536,173.6
zenbook,sweep,rgb,rgb/rgb04.ppm,short,1,0.9644,172.7
zenbook,sweep,rgb,rgb/rgb04.ppm,full,1,0.8639,172.7
zenbook,sweep,rgb,rgb/rgb05.ppm,short,1,0.9236,172.4
zenbook,sweep,rgb,rgb/rgb05.ppm,full,1,0.8534,172.4
zenbook,sweep,rgb,rgb/rgb06.ppm,short,1,0.9547,172.6
zenbook,sweep,rgb,rgb/rgb06.ppm,full,1,0.8227,172.6
zenbook,sweep,rgb,rgb/rgb07.ppm,short,1,0.9458,173.7
zenbook,sweep,rgb,rgb/rgb07.ppm,full,1,0.8692,173.7
zenbook,sweep,ir,ir/frame00.pgm,short,1,0.8990,82.3
zenbook,sweep,ir,ir/frame00.pgm,full,1,0.8906,82.3
zenbook,sweep,ir,ir/frame01.pgm,short,0,,18.5
zenbook,sweep,ir,ir/frame01.pgm,full,0,,18.5
zenbook,sweep,ir,ir/frame02.pgm,short,1,0.9099,94.2
zenbook,sweep,ir,ir/frame02.pgm,full,1,0.8945,94.2
zenbook,sweep,ir,ir/frame03.pgm,short,0,,18.3
zenbook,sweep,ir,ir/frame03.pgm,full,0,,18.3
zenbook,sweep,ir,ir/frame04.pgm,short,1,0.8968,87.7
zenbook,sweep,ir,ir/frame04.pgm,full,1,0.8975,87.7
zenbook,sweep,ir,ir/frame05.pgm,short,0,,18.4
zenbook,sweep,ir,ir/frame05.pgm,full,0,,18.4
zenbook,sweep,ir,ir/frame06.pgm,short,1,0.8811,86.7
zenbook,sweep,ir,ir/frame06.pgm,full,1,0.8575,86.7
zenbook,sweep,ir,ir/frame07.pgm,short,0,,18.4
zenbook,sweep,ir,ir/frame07.pgm,full,0,,18.4
zenbook,sweep,ir,ir/frame08.pgm,short,1,0.9034,85.9
zenbook,sweep,ir,ir/frame08.pgm,full,1,0.9137,85.9
zenbook,sweep,ir,ir/frame09.pgm,short,0,,18.4
zenbook,sweep,ir,ir/frame09.pgm,full,0,,18.4
zenbook,sweep,ir,ir/frame10.pgm,short,1,0.9180,85.1
zenbook,sweep,ir,ir/frame10.pgm,full,1,0.9376,85.1
zenbook,sweep,ir,ir/frame11.pgm,short,0,,18.5
zenbook,sweep,ir,ir/frame11.pgm,full,0,,18.5
zenbook,sweep,ir,ir/frame12.pgm,short,1,0.9261,84.5
zenbook,sweep,ir,ir/frame12.pgm,full,1,0.9086,84.5
zenbook,sweep,ir,ir/frame13.pgm,short,0,,18.5
zenbook,sweep,ir,ir/frame13.pgm,full,0,,18.5
zenbook,sweep,ir,ir/frame14.pgm,short,1,0.9281,83.9
zenbook,sweep,ir,ir/frame14.pgm,full,1,0.8534,83.9
zenbook,sweep,ir,ir/frame15.pgm,short,0,,18.5
zenbook,sweep,ir,ir/frame15.pgm,full,0,,18.5
zenbook,sweep,ir,ir/frame16.pgm,short,1,0.9376,83.3
zenbook,sweep,ir,ir/frame16.pgm,full,1,0.9114,83.3
zenbook,sweep,ir,ir/frame17.pgm,short,0,,18.5
zenbook,sweep,ir,ir/frame17.pgm,full,0,,18.5
zenbook,sweep,ir,ir/frame18.pgm,short,1,0.9417,82.8
zenbook,sweep,ir,ir/frame18.pgm,full,1,0.8968,82.8
zenbook,sweep,ir,ir/frame19.pgm,short,0,,18.6
zenbook,sweep,ir,ir/frame19.pgm,full,0,,18.6
zenbook,sweep,ir,ir/frame20.pgm,short,1,0.9449,82.4
zenbook,sweep,ir,ir/frame20.pgm,full,1,0.9168,82.4
zenbook,sweep,ir,ir/frame21.pgm,short,0,,18.6
zenbook,sweep,ir,ir/frame21.pgm,full,0,,18.6
zenbook,sweep,ir,ir/frame22.pgm,short,1,0.9372,82.0
zenbook,sweep,ir,ir/frame22.pgm,full,1,0.8671,82.0
zenbook,sweep,ir,ir/frame23.pgm,short,0,,18.8
zenbook,sweep,ir,ir/frame23.pgm,full,0,,18.8
nexigo,close,rgb,rgb/rgb00.ppm,short,1,0.9123,149.2
nexigo,close,rgb,rgb/rgb00.ppm,full,1,0.9250,149.2
nexigo,close,rgb,rgb/rgb01.ppm,short,1,0.9306,149.5
nexigo,close,rgb,rgb/rgb01.ppm,full,1,0.8983,149.5
nexigo,close,rgb,rgb/rgb02.ppm,short,1,0.9259,149.8
nexigo,close,rgb,rgb/rgb02.ppm,full,1,0.9154,149.8
nexigo,close,rgb,rgb/rgb03.ppm,short,1,0.9362,149.6
nexigo,close,rgb,rgb/rgb03.ppm,full,1,0.8972,149.6
nexigo,close,rgb,rgb/rgb04.ppm,short,1,0.9422,149.8
nexigo,close,rgb,rgb/rgb04.ppm,full,1,0.8839,149.8
nexigo,close,rgb,rgb/rgb05.ppm,short,1,0.9343,149.8
nexigo,close,rgb,rgb/rgb05.ppm,full,1,0.8916,149.8
nexigo,close,rgb,rgb/rgb06.ppm,short,1,0.9356,149.6
nexigo,close,rgb,rgb/rgb06.ppm,full,1,0.8680,149.6
nexigo,close,rgb,rgb/rgb07.ppm,short,1,0.9496,149.2
nexigo,close,rgb,rgb/rgb07.ppm,full,1,0.8713,149.2
nexigo,close,ir,ir/frame00.pgm,short,0,,4.1
nexigo,close,ir,ir/frame00.pgm,full,0,,4.1
nexigo,close,ir,ir/frame01.pgm,short,1,0.8090,106.4
nexigo,close,ir,ir/frame01.pgm,full,1,0.6729,106.4
nexigo,close,ir,ir/frame02.pgm,short,0,,4.1
nexigo,close,ir,ir/frame02.pgm,full,0,,4.1
nexigo,close,ir,ir/frame03.pgm,short,1,0.7982,96.4
nexigo,close,ir,ir/frame03.pgm,full,1,0.7142,96.4
nexigo,close,ir,ir/frame04.pgm,short,0,,2.6
nexigo,close,ir,ir/frame04.pgm,full,0,,2.6
nexigo,close,ir,ir/frame05.pgm,short,1,0.7796,95.5
nexigo,close,ir,ir/frame05.pgm,full,1,0.7665,95.5
nexigo,close,ir,ir/frame06.pgm,short,0,,2.6
nexigo,close,ir,ir/frame06.pgm,full,0,,2.6
nexigo,close,ir,ir/frame07.pgm,short,1,0.7789,95.0
nexigo,close,ir,ir/frame07.pgm,full,1,0.7918,95.0
nexigo,close,ir,ir/frame08.pgm,short,0,,2.6
nexigo,close,ir,ir/frame08.pgm,full,0,,2.6
nexigo,close,ir,ir/frame09.pgm,short,1,0.7506,94.3
nexigo,close,ir,ir/frame09.pgm,full,1,0.8005,94.3
nexigo,close,ir,ir/frame10.pgm,short,0,,2.6
nexigo,close,ir,ir/frame10.pgm,full,0,,2.6
nexigo,close,ir,ir/frame11.pgm,short,1,0.7167,93.6
nexigo,close,ir,ir/frame11.pgm,full,1,0.8320,93.6
nexigo,close,ir,ir/frame12.pgm,short,0,,2.6
nexigo,close,ir,ir/frame12.pgm,full,0,,2.6
nexigo,close,ir,ir/frame13.pgm,short,1,0.7358,93.2
nexigo,close,ir,ir/frame13.pgm,full,1,0.8192,93.2
nexigo,close,ir,ir/frame14.pgm,short,0,,2.6
nexigo,close,ir,ir/frame14.pgm,full,0,,2.6
nexigo,close,ir,ir/frame15.pgm,short,1,0.7548,87.1
nexigo,close,ir,ir/frame15.pgm,full,1,0.8340,87.1
nexigo,close,ir,ir/frame16.pgm,short,0,,2.1
nexigo,close,ir,ir/frame16.pgm,full,0,,2.1
nexigo,close,ir,ir/frame17.pgm,short,1,0.8286,80.4
nexigo,close,ir,ir/frame17.pgm,full,1,0.7530,80.4
nexigo,close,ir,ir/frame18.pgm,short,0,,1.7
nexigo,close,ir,ir/frame18.pgm,full,0,,1.7
nexigo,close,ir,ir/frame19.pgm,short,1,0.8936,77.8
nexigo,close,ir,ir/frame19.pgm,full,1,0.8136,77.8
nexigo,close,ir,ir/frame20.pgm,short,0,,1.5
nexigo,close,ir,ir/frame20.pgm,full,0,,1.5
nexigo,close,ir,ir/frame21.pgm,short,1,0.9306,73.1
nexigo,close,ir,ir/frame21.pgm,full,1,0.8217,73.1
nexigo,close,ir,ir/frame22.pgm,short,0,,1.2
nexigo,close,ir,ir/frame22.pgm,full,0,,1.2
nexigo,close,ir,ir/frame23.pgm,short,1,0.9442,68.5
nexigo,close,ir,ir/frame23.pgm,full,1,0.7881,68.5
nexigo,far,rgb,rgb/rgb00.ppm,short,0,,106.7
nexigo,far,rgb,rgb/rgb00.ppm,full,1,0.8866,106.7
nexigo,far,rgb,rgb/rgb01.ppm,short,0,,104.6
nexigo,far,rgb,rgb/rgb01.ppm,full,1,0.9046,104.6
nexigo,far,rgb,rgb/rgb02.ppm,short,0,,104.1
nexigo,far,rgb,rgb/rgb02.ppm,full,1,0.9024,104.1
nexigo,far,rgb,rgb/rgb03.ppm,short,0,,104.1
nexigo,far,rgb,rgb/rgb03.ppm,full,1,0.8944,104.1
nexigo,far,rgb,rgb/rgb04.ppm,short,0,,104.0
nexigo,far,rgb,rgb/rgb04.ppm,full,1,0.8920,104.0
nexigo,far,rgb,rgb/rgb05.ppm,short,0,,103.9
nexigo,far,rgb,rgb/rgb05.ppm,full,1,0.8725,103.9
nexigo,far,rgb,rgb/rgb06.ppm,short,0,,103.9
nexigo,far,rgb,rgb/rgb06.ppm,full,1,0.8670,103.9
nexigo,far,rgb,rgb/rgb07.ppm,short,1,0.5017,103.7
nexigo,far,rgb,rgb/rgb07.ppm,full,1,0.8529,103.7
nexigo,far,ir,ir/frame00.pgm,short,1,0.5669,3.5
nexigo,far,ir,ir/frame00.pgm,full,0,,3.5
nexigo,far,ir,ir/frame01.pgm,short,1,0.5068,20.3
nexigo,far,ir,ir/frame01.pgm,full,1,0.9468,20.3
nexigo,far,ir,ir/frame02.pgm,short,1,0.5648,3.5
nexigo,far,ir,ir/frame02.pgm,full,0,,3.5
nexigo,far,ir,ir/frame03.pgm,short,0,,30.6
nexigo,far,ir,ir/frame03.pgm,full,1,0.9548,30.6
nexigo,far,ir,ir/frame04.pgm,short,1,0.5825,5.4
nexigo,far,ir,ir/frame04.pgm,full,0,,5.4
nexigo,far,ir,ir/frame05.pgm,short,0,,41.0
nexigo,far,ir,ir/frame05.pgm,full,1,0.9585,41.0
nexigo,far,ir,ir/frame06.pgm,short,1,0.5069,7.4
nexigo,far,ir,ir/frame06.pgm,full,0,,7.4
nexigo,far,ir,ir/frame07.pgm,short,0,,54.1
nexigo,far,ir,ir/frame07.pgm,full,1,0.9614,54.1
nexigo,far,ir,ir/frame08.pgm,short,0,,9.7
nexigo,far,ir,ir/frame08.pgm,full,0,,9.7
nexigo,far,ir,ir/frame09.pgm,short,0,,60.4
nexigo,far,ir,ir/frame09.pgm,full,1,0.9595,60.4
nexigo,far,ir,ir/frame10.pgm,short,0,,11.0
nexigo,far,ir,ir/frame10.pgm,full,0,,11.0
nexigo,far,ir,ir/frame11.pgm,short,0,,64.2
nexigo,far,ir,ir/frame11.pgm,full,1,0.9611,64.2
nexigo,far,ir,ir/frame12.pgm,short,0,,11.7
nexigo,far,ir,ir/frame12.pgm,full,0,,11.7
nexigo,far,ir,ir/frame13.pgm,short,0,,68.0
nexigo,far,ir,ir/frame13.pgm,full,1,0.9638,68.0
nexigo,far,ir,ir/frame14.pgm,short,0,,12.5
nexigo,far,ir,ir/frame14.pgm,full,0,,12.5
nexigo,far,ir,ir/frame15.pgm,short,0,,71.7
nexigo,far,ir,ir/frame15.pgm,full,1,0.9643,71.7
nexigo,far,ir,ir/frame16.pgm,short,0,,13.2
nexigo,far,ir,ir/frame16.pgm,full,0,,13.2
nexigo,far,ir,ir/frame17.pgm,short,0,,75.2
nexigo,far,ir,ir/frame17.pgm,full,1,0.9678,75.2
nexigo,far,ir,ir/frame18.pgm,short,0,,13.9
nexigo,far,ir,ir/frame18.pgm,full,0,,13.9
nexigo,far,ir,ir/frame19.pgm,short,0,,78.8
nexigo,far,ir,ir/frame19.pgm,full,1,0.9666,78.8
nexigo,far,ir,ir/frame20.pgm,short,0,,14.8
nexigo,far,ir,ir/frame20.pgm,full,0,,14.8
nexigo,far,ir,ir/frame21.pgm,short,0,,78.5
nexigo,far,ir,ir/frame21.pgm,full,1,0.9698,78.5
nexigo,far,ir,ir/frame22.pgm,short,0,,14.8
nexigo,far,ir,ir/frame22.pgm,full,0,,14.8
nexigo,far,ir,ir/frame23.pgm,short,0,,81.8
nexigo,far,ir,ir/frame23.pgm,full,1,0.9703,81.8
nexigo,frontal,rgb,rgb/rgb00.ppm,short,1,0.9491,119.2
nexigo,frontal,rgb,rgb/rgb00.ppm,full,1,0.9565,119.2
nexigo,frontal,rgb,rgb/rgb01.ppm,short,1,0.9653,119.4
nexigo,frontal,rgb,rgb/rgb01.ppm,full,1,0.9443,119.4
nexigo,frontal,rgb,rgb/rgb02.ppm,short,1,0.9542,119.5
nexigo,frontal,rgb,rgb/rgb02.ppm,full,1,0.9601,119.5
nexigo,frontal,rgb,rgb/rgb03.ppm,short,1,0.9637,119.7
nexigo,frontal,rgb,rgb/rgb03.ppm,full,1,0.9654,119.7
nexigo,frontal,rgb,rgb/rgb04.ppm,short,1,0.9624,119.2
nexigo,frontal,rgb,rgb/rgb04.ppm,full,1,0.9588,119.2
nexigo,frontal,rgb,rgb/rgb05.ppm,short,1,0.9650,119.1
nexigo,frontal,rgb,rgb/rgb05.ppm,full,1,0.9543,119.1
nexigo,frontal,rgb,rgb/rgb06.ppm,short,1,0.9661,119.1
nexigo,frontal,rgb,rgb/rgb06.ppm,full,1,0.9434,119.1
nexigo,frontal,rgb,rgb/rgb07.ppm,short,1,0.9702,119.2
nexigo,frontal,rgb,rgb/rgb07.ppm,full,1,0.9450,119.2
nexigo,frontal,ir,ir/frame00.pgm,short,0,,5.9
nexigo,frontal,ir,ir/frame00.pgm,full,0,,5.9
nexigo,frontal,ir,ir/frame01.pgm,short,1,0.9364,67.2
nexigo,frontal,ir,ir/frame01.pgm,full,1,0.9038,67.2
nexigo,frontal,ir,ir/frame02.pgm,short,0,,5.9
nexigo,frontal,ir,ir/frame02.pgm,full,0,,5.9
nexigo,frontal,ir,ir/frame03.pgm,short,1,0.9321,55.7
nexigo,frontal,ir,ir/frame03.pgm,full,1,0.8851,55.7
nexigo,frontal,ir,ir/frame04.pgm,short,0,,3.9
nexigo,frontal,ir,ir/frame04.pgm,full,0,,3.9
nexigo,frontal,ir,ir/frame05.pgm,short,1,0.9326,54.8
nexigo,frontal,ir,ir/frame05.pgm,full,1,0.8902,54.8
nexigo,frontal,ir,ir/frame06.pgm,short,0,,3.9
nexigo,frontal,ir,ir/frame06.pgm,full,0,,3.9
nexigo,frontal,ir,ir/frame07.pgm,short,1,0.9376,54.5
nexigo,frontal,ir,ir/frame07.pgm,full,1,0.8882,54.5
nexigo,frontal,ir,ir/frame08.pgm,short,0,,3.9
nexigo,frontal,ir,ir/frame08.pgm,full,0,,3.9
nexigo,frontal,ir,ir/frame09.pgm,short,1,0.9313,54.0
nexigo,frontal,ir,ir/frame09.pgm,full,1,0.8977,54.0
nexigo,frontal,ir,ir/frame10.pgm,short,0,,3.9
nexigo,frontal,ir,ir/frame10.pgm,full,0,,3.9
nexigo,frontal,ir,ir/frame11.pgm,short,1,0.9392,53.6
nexigo,frontal,ir,ir/frame11.pgm,full,1,0.8779,53.6
nexigo,frontal,ir,ir/frame12.pgm,short,0,,3.9
nexigo,frontal,ir,ir/frame12.pgm,full,0,,3.9
nexigo,frontal,ir,ir/frame13.pgm,short,1,0.9454,53.4
nexigo,frontal,ir,ir/frame13.pgm,full,1,0.8949,53.4
nexigo,frontal,ir,ir/frame14.pgm,short,0,,3.9
nexigo,frontal,ir,ir/frame14.pgm,full,0,,3.9
nexigo,frontal,ir,ir/frame15.pgm,short,1,0.9387,53.2
nexigo,frontal,ir,ir/frame15.pgm,full,1,0.8902,53.2
nexigo,frontal,ir,ir/frame16.pgm,short,0,,3.9
nexigo,frontal,ir,ir/frame16.pgm,full,0,,3.9
nexigo,frontal,ir,ir/frame17.pgm,short,1,0.9381,52.9
nexigo,frontal,ir,ir/frame17.pgm,full,1,0.8841,52.9
nexigo,frontal,ir,ir/frame18.pgm,short,0,,3.9
nexigo,frontal,ir,ir/frame18.pgm,full,0,,3.9
nexigo,frontal,ir,ir/frame19.pgm,short,1,0.9461,52.8
nexigo,frontal,ir,ir/frame19.pgm,full,1,0.8856,52.8
nexigo,frontal,ir,ir/frame20.pgm,short,0,,3.9
nexigo,frontal,ir,ir/frame20.pgm,full,0,,3.9
nexigo,frontal,ir,ir/frame21.pgm,short,1,0.9386,52.5
nexigo,frontal,ir,ir/frame21.pgm,full,1,0.8790,52.5
nexigo,frontal,ir,ir/frame22.pgm,short,0,,3.9
nexigo,frontal,ir,ir/frame22.pgm,full,0,,3.9
nexigo,frontal,ir,ir/frame23.pgm,short,1,0.9408,52.4
nexigo,frontal,ir,ir/frame23.pgm,full,1,0.8945,52.4
nexigo,glasses-on,rgb,rgb/rgb00.ppm,short,1,0.9426,117.1
nexigo,glasses-on,rgb,rgb/rgb00.ppm,full,1,0.9658,117.1
nexigo,glasses-on,rgb,rgb/rgb01.ppm,short,1,0.9326,117.6
nexigo,glasses-on,rgb,rgb/rgb01.ppm,full,1,0.9557,117.6
nexigo,glasses-on,rgb,rgb/rgb02.ppm,short,1,0.9435,117.6
nexigo,glasses-on,rgb,rgb/rgb02.ppm,full,1,0.9585,117.6
nexigo,glasses-on,rgb,rgb/rgb03.ppm,short,1,0.9371,117.7
nexigo,glasses-on,rgb,rgb/rgb03.ppm,full,1,0.9581,117.7
nexigo,glasses-on,rgb,rgb/rgb04.ppm,short,1,0.9371,117.7
nexigo,glasses-on,rgb,rgb/rgb04.ppm,full,1,0.9536,117.7
nexigo,glasses-on,rgb,rgb/rgb05.ppm,short,1,0.9460,117.6
nexigo,glasses-on,rgb,rgb/rgb05.ppm,full,1,0.9672,117.6
nexigo,glasses-on,rgb,rgb/rgb06.ppm,short,1,0.9419,117.6
nexigo,glasses-on,rgb,rgb/rgb06.ppm,full,1,0.9720,117.6
nexigo,glasses-on,rgb,rgb/rgb07.ppm,short,1,0.9321,117.6
nexigo,glasses-on,rgb,rgb/rgb07.ppm,full,1,0.9603,117.6
nexigo,glasses-on,ir,ir/frame00.pgm,short,1,0.5626,6.2
nexigo,glasses-on,ir,ir/frame00.pgm,full,0,,6.2
nexigo,glasses-on,ir,ir/frame01.pgm,short,1,0.9319,69.7
nexigo,glasses-on,ir,ir/frame01.pgm,full,1,0.8760,69.7
nexigo,glasses-on,ir,ir/frame02.pgm,short,1,0.5719,6.1
nexigo,glasses-on,ir,ir/frame02.pgm,full,0,,6.1
nexigo,glasses-on,ir,ir/frame03.pgm,short,2,0.9511,58.8
nexigo,glasses-on,ir,ir/frame03.pgm,full,1,0.9424,58.8
nexigo,glasses-on,ir,ir/frame04.pgm,short,1,0.5580,4.0
nexigo,glasses-on,ir,ir/frame04.pgm,full,0,,4.0
nexigo,glasses-on,ir,ir/frame05.pgm,short,1,0.9398,58.7
nexigo,glasses-on,ir,ir/frame05.pgm,full,1,0.9705,58.7
nexigo,glasses-on,ir,ir/frame06.pgm,short,1,0.5700,4.0
nexigo,glasses-on,ir,ir/frame06.pgm,full,0,,4.0
nexigo,glasses-on,ir,ir/frame07.pgm,short,1,0.9508,55.3
nexigo,glasses-on,ir,ir/frame07.pgm,full,1,0.9620,55.3
nexigo,glasses-on,ir,ir/frame08.pgm,short,1,0.5765,3.7
nexigo,glasses-on,ir,ir/frame08.pgm,full,0,,3.7
nexigo,glasses-on,ir,ir/frame09.pgm,short,1,0.9442,54.6
nexigo,glasses-on,ir,ir/frame09.pgm,full,1,0.9343,54.6
nexigo,glasses-on,ir,ir/frame10.pgm,short,1,0.5133,3.7
nexigo,glasses-on,ir,ir/frame10.pgm,full,0,,3.7
nexigo,glasses-on,ir,ir/frame11.pgm,short,1,0.9303,53.8
nexigo,glasses-on,ir,ir/frame11.pgm,full,1,0.9060,53.8
nexigo,glasses-on,ir,ir/frame12.pgm,short,1,0.5421,3.7
nexigo,glasses-on,ir,ir/frame12.pgm,full,0,,3.7
nexigo,glasses-on,ir,ir/frame13.pgm,short,1,0.9439,53.3
nexigo,glasses-on,ir,ir/frame13.pgm,full,1,0.9176,53.3
nexigo,glasses-on,ir,ir/frame14.pgm,short,1,0.6041,3.7
nexigo,glasses-on,ir,ir/frame14.pgm,full,0,,3.7
nexigo,glasses-on,ir,ir/frame15.pgm,short,1,0.9406,52.8
nexigo,glasses-on,ir,ir/frame15.pgm,full,1,0.9129,52.8
nexigo,glasses-on,ir,ir/frame16.pgm,short,0,,3.7
nexigo,glasses-on,ir,ir/frame16.pgm,full,0,,3.7
nexigo,glasses-on,ir,ir/frame17.pgm,short,1,0.9391,52.5
nexigo,glasses-on,ir,ir/frame17.pgm,full,1,0.9137,52.5
nexigo,glasses-on,ir,ir/frame18.pgm,short,1,0.5536,3.7
nexigo,glasses-on,ir,ir/frame18.pgm,full,0,,3.7
nexigo,glasses-on,ir,ir/frame19.pgm,short,1,0.9369,52.2
nexigo,glasses-on,ir,ir/frame19.pgm,full,1,0.9139,52.2
nexigo,glasses-on,ir,ir/frame20.pgm,short,1,0.5406,3.8
nexigo,glasses-on,ir,ir/frame20.pgm,full,0,,3.8
nexigo,glasses-on,ir,ir/frame21.pgm,short,1,0.9266,51.7
nexigo,glasses-on,ir,ir/frame21.pgm,full,1,0.9371,51.7
nexigo,glasses-on,ir,ir/frame22.pgm,short,1,0.5806,3.8
nexigo,glasses-on,ir,ir/frame22.pgm,full,0,,3.8
nexigo,glasses-on,ir,ir/frame23.pgm,short,1,0.9520,51.6
nexigo,glasses-on,ir,ir/frame23.pgm,full,1,0.9096,51.6
nexigo,sweep,rgb,rgb/rgb00.ppm,short,1,0.9406,119.5
nexigo,sweep,rgb,rgb/rgb00.ppm,full,1,0.9096,119.5
nexigo,sweep,rgb,rgb/rgb01.ppm,short,1,0.9103,119.4
nexigo,sweep,rgb,rgb/rgb01.ppm,full,1,0.6948,119.4
nexigo,sweep,rgb,rgb/rgb02.ppm,short,1,0.9137,119.4
nexigo,sweep,rgb,rgb/rgb02.ppm,full,1,0.8446,119.4
nexigo,sweep,rgb,rgb/rgb03.ppm,short,1,0.9508,119.5
nexigo,sweep,rgb,rgb/rgb03.ppm,full,1,0.8565,119.5
nexigo,sweep,rgb,rgb/rgb04.ppm,short,1,0.9548,120.4
nexigo,sweep,rgb,rgb/rgb04.ppm,full,1,0.8664,120.4
nexigo,sweep,rgb,rgb/rgb05.ppm,short,1,0.9558,118.9
nexigo,sweep,rgb,rgb/rgb05.ppm,full,1,0.9045,118.9
nexigo,sweep,rgb,rgb/rgb06.ppm,short,1,0.9039,119.2
nexigo,sweep,rgb,rgb/rgb06.ppm,full,1,0.8311,119.2
nexigo,sweep,rgb,rgb/rgb07.ppm,short,1,0.9415,119.3
nexigo,sweep,rgb,rgb/rgb07.ppm,full,1,0.8886,119.3
nexigo,sweep,ir,ir/frame00.pgm,short,1,0.5603,15.9
nexigo,sweep,ir,ir/frame00.pgm,full,0,,15.9
nexigo,sweep,ir,ir/frame01.pgm,short,0,,128.4
nexigo,sweep,ir,ir/frame01.pgm,full,1,0.5872,128.4
nexigo,sweep,ir,ir/frame02.pgm,short,1,0.5134,15.9
nexigo,sweep,ir,ir/frame02.pgm,full,0,,15.9
nexigo,sweep,ir,ir/frame03.pgm,short,1,0.5878,112.1
nexigo,sweep,ir,ir/frame03.pgm,full,1,0.5774,112.1
nexigo,sweep,ir,ir/frame04.pgm,short,0,,10.8
nexigo,sweep,ir,ir/frame04.pgm,full,0,,10.8
nexigo,sweep,ir,ir/frame05.pgm,short,1,0.6994,102.4
nexigo,sweep,ir,ir/frame05.pgm,full,1,0.6888,102.4
nexigo,sweep,ir,ir/frame06.pgm,short,0,,9.4
nexigo,sweep,ir,ir/frame06.pgm,full,0,,9.4
nexigo,sweep,ir,ir/frame07.pgm,short,1,0.8890,92.9
nexigo,sweep,ir,ir/frame07.pgm,full,1,0.7916,92.9
nexigo,sweep,ir,ir/frame08.pgm,short,0,,8.1
nexigo,sweep,ir,ir/frame08.pgm,full,0,,8.1
nexigo,sweep,ir,ir/frame09.pgm,short,1,0.9143,87.4
nexigo,sweep,ir,ir/frame09.pgm,full,1,0.8104,87.4
nexigo,sweep,ir,ir/frame10.pgm,short,0,,7.5
nexigo,sweep,ir,ir/frame10.pgm,full,0,,7.5
nexigo,sweep,ir,ir/frame11.pgm,short,1,0.8953,79.3
nexigo,sweep,ir,ir/frame11.pgm,full,1,0.8195,79.3
nexigo,sweep,ir,ir/frame12.pgm,short,0,,6.5
nexigo,sweep,ir,ir/frame12.pgm,full,0,,6.5
nexigo,sweep,ir,ir/frame13.pgm,short,1,0.8599,73.4
nexigo,sweep,ir,ir/frame13.pgm,full,1,0.8418,73.4
nexigo,sweep,ir,ir/frame14.pgm,short,0,,5.8
nexigo,sweep,ir,ir/frame14.pgm,full,0,,5.8
nexigo,sweep,ir,ir/frame15.pgm,short,1,0.9261,70.2
nexigo,sweep,ir,ir/frame15.pgm,full,1,0.8032,70.2
nexigo,sweep,ir,ir/frame16.pgm,short,0,,5.5
nexigo,sweep,ir,ir/frame16.pgm,full,0,,5.5
nexigo,sweep,ir,ir/frame17.pgm,short,1,0.9397,64.2
nexigo,sweep,ir,ir/frame17.pgm,full,1,0.8251,64.2
nexigo,sweep,ir,ir/frame18.pgm,short,0,,4.8
nexigo,sweep,ir,ir/frame18.pgm,full,0,,4.8
nexigo,sweep,ir,ir/frame19.pgm,short,1,0.9395,61.0
nexigo,sweep,ir,ir/frame19.pgm,full,1,0.8546,61.0
nexigo,sweep,ir,ir/frame20.pgm,short,0,,4.5
nexigo,sweep,ir,ir/frame20.pgm,full,0,,4.5
nexigo,sweep,ir,ir/frame21.pgm,short,1,0.9096,57.7
nexigo,sweep,ir,ir/frame21.pgm,full,1,0.8948,57.7
nexigo,sweep,ir,ir/frame22.pgm,short,0,,4.1
nexigo,sweep,ir,ir/frame22.pgm,full,0,,4.1
nexigo,sweep,ir,ir/frame23.pgm,short,1,0.9105,54.9
nexigo,sweep,ir,ir/frame23.pgm,full,1,0.8524,54.9
