cond,frame,note,p_spoof_tight,p_spoof_m25,p_spoof_m96
genuine-desk,b1-rgb00.ppm,ok,0.3893,0.4389,0.4738
genuine-desk,b1-rgb01.ppm,ok,0.3707,0.4324,0.4690
genuine-desk,b1-rgb02.ppm,ok,0.4032,0.4160,0.4504
genuine-desk,b1-rgb03.ppm,ok,0.4134,0.4088,0.4373
genuine-desk,b1-rgb04.ppm,ok,0.3794,0.4261,0.4738
genuine-desk,b1-rgb05.ppm,ok,0.3926,0.4299,0.4443
genuine-desk,b1-rgb06.ppm,ok,0.4093,0.4399,0.4757
genuine-desk,b1-rgb07.ppm,ok,0.3766,0.4209,0.4326
genuine-desk,b1-rgb08.ppm,ok,0.3812,0.4439,0.4426
genuine-desk,b1-rgb09.ppm,ok,0.3980,0.4327,0.4336
genuine-desk,b1-rgb10.ppm,ok,0.3933,0.4153,0.4334
genuine-desk,b1-rgb11.ppm,ok,0.3783,0.4142,0.4708
genuine-desk,b1-rgb12.ppm,ok,0.3712,0.4786,0.4424
genuine-desk,b1-rgb13.ppm,ok,0.3920,0.4754,0.4343
genuine-desk,b1-rgb14.ppm,ok,0.3993,0.4451,0.4988
genuine-desk,b1-rgb15.ppm,ok,0.4056,0.4020,0.4306
genuine-desk,b1-rgb16.ppm,ok,0.4165,0.4818,0.4814
genuine-desk,b1-rgb17.ppm,ok,0.3790,0.4105,0.4436
genuine-desk,b1-rgb18.ppm,ok,0.3981,0.4427,0.4421
genuine-desk,b1-rgb19.ppm,ok,0.4238,0.4655,0.5034
genuine-desk,b1-rgb20.ppm,ok,0.4117,0.4741,0.4875
genuine-desk,b1-rgb21.ppm,ok,0.3965,0.4526,0.4581
genuine-desk,b1-rgb22.ppm,ok,0.4242,0.4121,0.4712
genuine-desk,b1-rgb23.ppm,ok,0.4007,0.4865,0.4555
genuine-desk,b1-rgb24.ppm,ok,0.4034,0.4744,0.4680
genuine-desk,b2-rgb00.ppm,ok,0.3697,0.4542,0.4379
genuine-desk,b2-rgb01.ppm,ok,0.3588,0.3815,0.4428
genuine-desk,b2-rgb02.ppm,ok,0.4063,0.4372,0.4767
genuine-desk,b2-rgb03.ppm,ok,0.3738,0.4033,0.4497
genuine-desk,b2-rgb04.ppm,ok,0.3790,0.4755,0.5096
genuine-desk,b2-rgb05.ppm,ok,0.4383,0.4609,0.4695
genuine-desk,b2-rgb06.ppm,ok,0.3925,0.4334,0.4309
genuine-desk,b2-rgb07.ppm,ok,0.4114,0.4546,0.4780
genuine-desk,b2-rgb08.ppm,ok,0.3956,0.4250,0.4667
genuine-desk,b2-rgb09.ppm,ok,0.3843,0.4330,0.4986
genuine-desk,b2-rgb10.ppm,ok,0.3727,0.4205,0.4222
genuine-desk,b2-rgb11.ppm,ok,0.3900,0.4175,0.4622
genuine-desk,b2-rgb12.ppm,ok,0.3653,0.4662,0.4717
genuine-desk,b2-rgb13.ppm,ok,0.3675,0.4409,0.4570
genuine-desk,b2-rgb14.ppm,ok,0.3587,0.4473,0.4818
genuine-desk,b2-rgb15.ppm,ok,0.3546,0.4383,0.5008
genuine-desk,b2-rgb16.ppm,ok,0.3617,0.4514,0.4656
genuine-desk,b2-rgb17.ppm,ok,0.3682,0.4212,0.4732
genuine-desk,b2-rgb18.ppm,ok,0.3467,0.4277,0.4738
genuine-desk,b2-rgb19.ppm,ok,0.3730,0.4645,0.4779
genuine-desk,b2-rgb20.ppm,ok,0.3531,0.4602,0.4953
genuine-desk,b2-rgb21.ppm,ok,0.3834,0.4404,0.4473
genuine-desk,b2-rgb22.ppm,ok,0.3963,0.4406,0.5327
genuine-desk,b2-rgb23.ppm,ok,0.4187,0.4524,0.4405
genuine-desk,b2-rgb24.ppm,ok,0.3822,0.4557,0.4890
genuine-desk,b3-rgb00.ppm,ok,0.3523,0.4277,0.4469
genuine-desk,b3-rgb01.ppm,ok,0.3877,0.4496,0.4363
genuine-desk,b3-rgb02.ppm,ok,0.3623,0.4416,0.4919
genuine-desk,b3-rgb03.ppm,ok,0.3854,0.4740,0.4560
genuine-desk,b3-rgb04.ppm,ok,0.4061,0.4911,0.4362
genuine-desk,b3-rgb05.ppm,ok,0.4061,0.5081,0.5031
genuine-desk,b3-rgb06.ppm,ok,0.4173,0.4669,0.4859
genuine-desk,b3-rgb07.ppm,ok,0.4006,0.4693,0.5443
genuine-desk,b3-rgb08.ppm,ok,0.3834,0.4484,0.4815
genuine-desk,b3-rgb09.ppm,ok,0.3894,0.4141,0.4775
genuine-desk,b3-rgb10.ppm,ok,0.3867,0.4496,0.5146
genuine-desk,b3-rgb11.ppm,ok,0.3910,0.5188,0.4921
genuine-desk,b3-rgb12.ppm,ok,0.3957,0.4730,0.5451
genuine-desk,b3-rgb13.ppm,ok,0.4137,0.4751,0.5330
genuine-desk,b3-rgb14.ppm,ok,0.4101,0.4463,0.5515
genuine-desk,b3-rgb15.ppm,ok,0.4355,0.4704,0.4836
genuine-desk,b3-rgb16.ppm,ok,0.4189,0.4568,0.5310
genuine-desk,b3-rgb17.ppm,ok,0.3892,0.4649,0.5269
genuine-desk,b3-rgb18.ppm,ok,0.4098,0.4277,0.5128
genuine-desk,b3-rgb19.ppm,ok,0.3859,0.4304,0.4887
genuine-desk,b3-rgb20.ppm,ok,0.3953,0.4020,0.5014
genuine-desk,b3-rgb21.ppm,ok,0.3907,0.4366,0.5149
genuine-desk,b3-rgb22.ppm,ok,0.3709,0.4279,0.4912
genuine-desk,b3-rgb23.ppm,ok,0.4145,0.4551,0.4863
genuine-desk,b3-rgb24.ppm,ok,0.3904,0.4492,0.5056
genuine-lowlight,b1-rgb00.ppm,no-detect,,,
genuine-lowlight,b1-rgb01.ppm,no-detect,,,
genuine-lowlight,b1-rgb02.ppm,no-detect,,,
genuine-lowlight,b1-rgb03.ppm,no-detect,,,
genuine-lowlight,b1-rgb04.ppm,no-detect,,,
genuine-lowlight,b1-rgb05.ppm,no-detect,,,
genuine-lowlight,b1-rgb06.ppm,no-detect,,,
genuine-lowlight,b1-rgb07.ppm,no-detect,,,
genuine-lowlight,b1-rgb08.ppm,no-detect,,,
genuine-lowlight,b1-rgb09.ppm,no-detect,,,
genuine-lowlight,b1-rgb10.ppm,no-detect,,,
genuine-lowlight,b1-rgb11.ppm,no-detect,,,
genuine-lowlight,b1-rgb12.ppm,ok,0.4932,0.4751,0.4721
genuine-lowlight,b1-rgb13.ppm,no-detect,,,
genuine-lowlight,b1-rgb14.ppm,ok,0.5224,0.5197,0.4665
genuine-lowlight,b1-rgb15.ppm,ok,0.4053,0.4848,0.4335
genuine-lowlight,b1-rgb16.ppm,ok,0.4838,0.4874,0.4709
genuine-lowlight,b1-rgb17.ppm,no-detect,,,
genuine-lowlight,b1-rgb18.ppm,no-detect,,,
genuine-lowlight,b1-rgb19.ppm,no-detect,,,
genuine-lowlight,b1-rgb20.ppm,no-detect,,,
genuine-lowlight,b1-rgb21.ppm,ok,0.3920,0.4664,0.4489
genuine-lowlight,b1-rgb22.ppm,ok,0.4394,0.4185,0.4750
genuine-lowlight,b1-rgb23.ppm,no-detect,,,
genuine-lowlight,b1-rgb24.ppm,ok,0.4295,0.4782,0.4611
genuine-lowlight,b2-rgb00.ppm,no-detect,,,
genuine-lowlight,b2-rgb01.ppm,no-detect,,,
genuine-lowlight,b2-rgb02.ppm,no-detect,,,
genuine-lowlight,b2-rgb03.ppm,no-detect,,,
genuine-lowlight,b2-rgb04.ppm,no-detect,,,
genuine-lowlight,b2-rgb05.ppm,no-detect,,,
genuine-lowlight,b2-rgb06.ppm,no-detect,,,
genuine-lowlight,b2-rgb07.ppm,no-detect,,,
genuine-lowlight,b2-rgb08.ppm,no-detect,,,
genuine-lowlight,b2-rgb09.ppm,no-detect,,,
genuine-lowlight,b2-rgb10.ppm,ok,0.4355,0.4803,0.4560
genuine-lowlight,b2-rgb11.ppm,no-detect,,,
genuine-lowlight,b2-rgb12.ppm,no-detect,,,
genuine-lowlight,b2-rgb13.ppm,no-detect,,,
genuine-lowlight,b2-rgb14.ppm,no-detect,,,
genuine-lowlight,b2-rgb15.ppm,no-detect,,,
genuine-lowlight,b2-rgb16.ppm,no-detect,,,
genuine-lowlight,b2-rgb17.ppm,no-detect,,,
genuine-lowlight,b2-rgb18.ppm,no-detect,,,
genuine-lowlight,b2-rgb19.ppm,no-detect,,,
genuine-lowlight,b2-rgb20.ppm,no-detect,,,
genuine-lowlight,b2-rgb21.ppm,no-detect,,,
genuine-lowlight,b2-rgb22.ppm,no-detect,,,
genuine-lowlight,b2-rgb23.ppm,no-detect,,,
genuine-lowlight,b2-rgb24.ppm,no-detect,,,
genuine-lowlight,b3-rgb00.ppm,no-detect,,,
genuine-lowlight,b3-rgb01.ppm,no-detect,,,
genuine-lowlight,b3-rgb02.ppm,no-detect,,,
genuine-lowlight,b3-rgb03.ppm,no-detect,,,
genuine-lowlight,b3-rgb04.ppm,no-detect,,,
genuine-lowlight,b3-rgb05.ppm,no-detect,,,
genuine-lowlight,b3-rgb06.ppm,no-detect,,,
genuine-lowlight,b3-rgb07.ppm,no-detect,,,
genuine-lowlight,b3-rgb08.ppm,no-detect,,,
genuine-lowlight,b3-rgb09.ppm,no-detect,,,
genuine-lowlight,b3-rgb10.ppm,ok,0.5029,0.4957,0.4679
genuine-lowlight,b3-rgb11.ppm,ok,0.5039,0.5127,0.4703
genuine-lowlight,b3-rgb12.ppm,no-detect,,,
genuine-lowlight,b3-rgb13.ppm,no-detect,,,
genuine-lowlight,b3-rgb14.ppm,no-detect,,,
genuine-lowlight,b3-rgb15.ppm,no-detect,,,
genuine-lowlight,b3-rgb16.ppm,no-detect,,,
genuine-lowlight,b3-rgb17.ppm,ok,0.5319,0.4898,0.4988
genuine-lowlight,b3-rgb18.ppm,ok,0.4407,0.4653,0.4885
genuine-lowlight,b3-rgb19.ppm,ok,0.5281,0.4690,0.5062
genuine-lowlight,b3-rgb20.ppm,ok,0.4345,0.4371,0.4597
genuine-lowlight,b3-rgb21.ppm,ok,0.4925,0.4589,0.5188
genuine-lowlight,b3-rgb22.ppm,ok,0.4066,0.5272,0.4704
genuine-lowlight,b3-rgb23.ppm,ok,0.4300,0.3861,0.4265
genuine-lowlight,b3-rgb24.ppm,ok,0.4153,0.3812,0.3780
attack-print,p1-flat-normal-rgb00.ppm,ok,0.5588,0.6858,0.7561
attack-print,p1-flat-normal-rgb01.ppm,ok,0.5141,0.6338,0.7134
attack-print,p1-flat-normal-rgb02.ppm,ok,0.6364,0.6899,0.7252
attack-print,p1-flat-normal-rgb03.ppm,ok,0.5851,0.6572,0.7372
attack-print,p1-flat-normal-rgb04.ppm,ok,0.5502,0.6601,0.7353
attack-print,p1-flat-normal-rgb05.ppm,ok,0.4909,0.6155,0.7159
attack-print,p1-flat-normal-rgb06.ppm,ok,0.4352,0.5932,0.6587
attack-print,p1-flat-normal-rgb07.ppm,ok,0.6034,0.6731,0.7213
attack-print,p1-flat-normal-rgb08.ppm,ok,0.5660,0.6750,0.7135
attack-print,p1-flat-normal-rgb09.ppm,ok,0.5077,0.6028,0.7225
attack-print,p1-flat-normal-rgb10.ppm,ok,0.5469,0.6654,0.7264
attack-print,p1-flat-normal-rgb11.ppm,ok,0.5456,0.6194,0.6984
attack-print,p1-flat-normal-rgb12.ppm,ok,0.6272,0.7085,0.7173
attack-print,p1-flat-normal-rgb13.ppm,ok,0.5517,0.6349,0.7182
attack-print,p1-flat-normal-rgb14.ppm,ok,0.5229,0.6331,0.7415
attack-print,p1-flat-normal-rgb15.ppm,ok,0.5063,0.5993,0.6942
attack-print,p1-flat-normal-rgb16.ppm,ok,0.5776,0.7030,0.7148
attack-print,p1-flat-normal-rgb17.ppm,ok,0.5309,0.6276,0.6908
attack-print,p1-flat-normal-rgb18.ppm,ok,0.5422,0.6376,0.7229
attack-print,p1-flat-normal-rgb19.ppm,ok,0.5218,0.6444,0.7620
attack-print,p2-close-rgb00.ppm,ok,0.3987,0.5106,0.6830
attack-print,p2-close-rgb01.ppm,ok,0.4636,0.6352,0.6867
attack-print,p2-close-rgb02.ppm,ok,0.5474,0.6417,0.7089
attack-print,p2-close-rgb03.ppm,ok,0.5227,0.6639,0.7089
attack-print,p2-close-rgb04.ppm,ok,0.4913,0.5983,0.7087
attack-print,p2-close-rgb05.ppm,ok,0.4494,0.5727,0.6913
attack-print,p2-close-rgb06.ppm,ok,0.4960,0.6137,0.7263
attack-print,p2-close-rgb07.ppm,ok,0.4475,0.6174,0.6939
attack-print,p2-close-rgb08.ppm,ok,0.4428,0.6314,0.7039
attack-print,p2-close-rgb09.ppm,ok,0.4872,0.6617,0.6937
attack-print,p2-close-rgb10.ppm,ok,0.4476,0.6160,0.6710
attack-print,p2-close-rgb11.ppm,ok,0.3897,0.6105,0.6515
attack-print,p2-close-rgb12.ppm,ok,0.4522,0.5623,0.6762
attack-print,p2-close-rgb13.ppm,ok,0.4186,0.6245,0.6597
attack-print,p2-close-rgb14.ppm,ok,0.4699,0.6135,0.6621
attack-print,p2-close-rgb15.ppm,ok,0.4993,0.6547,0.6113
attack-print,p2-close-rgb16.ppm,ok,0.4729,0.5725,0.6429
attack-print,p2-close-rgb17.ppm,ok,0.4391,0.5360,0.6816
attack-print,p2-close-rgb18.ppm,ok,0.5501,0.6153,0.6772
attack-print,p2-close-rgb19.ppm,ok,0.5382,0.6216,0.6694
attack-print,p3-tilt-left-rgb00.ppm,ok,0.6083,0.6768,0.7322
attack-print,p3-tilt-left-rgb01.ppm,ok,0.5746,0.6699,0.7403
attack-print,p3-tilt-left-rgb02.ppm,ok,0.5261,0.6157,0.6578
attack-print,p3-tilt-left-rgb03.ppm,ok,0.5745,0.6445,0.7349
attack-print,p3-tilt-left-rgb04.ppm,ok,0.5781,0.6627,0.6884
attack-print,p3-tilt-left-rgb05.ppm,ok,0.5536,0.6453,0.6357
attack-print,p3-tilt-left-rgb06.ppm,ok,0.5264,0.6276,0.6795
attack-print,p3-tilt-left-rgb07.ppm,ok,0.5658,0.6803,0.6621
attack-print,p3-tilt-left-rgb08.ppm,ok,0.4659,0.5989,0.6608
attack-print,p3-tilt-left-rgb09.ppm,ok,0.6536,0.6796,0.7108
attack-print,p3-tilt-left-rgb10.ppm,ok,0.6488,0.7010,0.7056
attack-print,p3-tilt-left-rgb11.ppm,ok,0.5825,0.6724,0.6725
attack-print,p3-tilt-left-rgb12.ppm,ok,0.5040,0.6515,0.6787
attack-print,p3-tilt-left-rgb13.ppm,ok,0.5499,0.6251,0.7040
attack-print,p3-tilt-left-rgb14.ppm,ok,0.5455,0.6368,0.7229
attack-print,p3-tilt-left-rgb15.ppm,ok,0.5595,0.6710,0.7270
attack-print,p3-tilt-left-rgb16.ppm,ok,0.5016,0.5967,0.6798
attack-print,p3-tilt-left-rgb17.ppm,ok,0.4918,0.6212,0.6717
attack-print,p3-tilt-left-rgb18.ppm,ok,0.5794,0.6484,0.7214
attack-print,p3-tilt-left-rgb19.ppm,ok,0.6157,0.7163,0.7396
attack-print,p4-tilt-right-rgb00.ppm,ok,0.4564,0.5719,0.6647
attack-print,p4-tilt-right-rgb01.ppm,ok,0.5919,0.6240,0.6926
attack-print,p4-tilt-right-rgb02.ppm,ok,0.5543,0.6160,0.7204
attack-print,p4-tilt-right-rgb03.ppm,ok,0.4912,0.6429,0.6659
attack-print,p4-tilt-right-rgb04.ppm,ok,0.5362,0.6079,0.7023
attack-print,p4-tilt-right-rgb05.ppm,ok,0.5740,0.6639,0.7400
attack-print,p4-tilt-right-rgb06.ppm,ok,0.5841,0.6749,0.6990
attack-print,p4-tilt-right-rgb07.ppm,ok,0.6267,0.6726,0.7112
attack-print,p4-tilt-right-rgb08.ppm,ok,0.6191,0.6700,0.7135
attack-print,p4-tilt-right-rgb09.ppm,ok,0.6805,0.7132,0.7351
attack-print,p4-tilt-right-rgb10.ppm,ok,0.5845,0.6760,0.7548
attack-print,p4-tilt-right-rgb11.ppm,ok,0.6559,0.7048,0.7406
attack-print,p4-tilt-right-rgb12.ppm,ok,0.6206,0.7001,0.7728
attack-print,p4-tilt-right-rgb13.ppm,ok,0.6385,0.6877,0.7558
attack-print,p4-tilt-right-rgb14.ppm,ok,0.6111,0.7016,0.7013
attack-print,p4-tilt-right-rgb15.ppm,ok,0.6151,0.7067,0.6545
attack-print,p4-tilt-right-rgb16.ppm,ok,0.5499,0.6650,0.6627
attack-print,p4-tilt-right-rgb17.ppm,ok,0.6360,0.6599,0.7242
attack-print,p4-tilt-right-rgb18.ppm,ok,0.4991,0.6331,0.6258
attack-print,p4-tilt-right-rgb19.ppm,ok,0.5335,0.6130,0.6042
attack-print,p5-shallow-rgb00.ppm,ok,0.5681,0.6816,0.6778
attack-print,p5-shallow-rgb01.ppm,ok,0.6336,0.6925,0.7198
attack-print,p5-shallow-rgb02.ppm,ok,0.5437,0.6521,0.7311
attack-print,p5-shallow-rgb03.ppm,ok,0.6721,0.7117,0.7057
attack-print,p5-shallow-rgb04.ppm,ok,0.6864,0.7002,0.7027
attack-print,p5-shallow-rgb05.ppm,ok,0.6055,0.6641,0.6942
attack-print,p5-shallow-rgb06.ppm,ok,0.6482,0.6926,0.7351
attack-print,p5-shallow-rgb07.ppm,ok,0.7150,0.7569,0.6676
attack-print,p5-shallow-rgb08.ppm,ok,0.6717,0.7062,0.7515
attack-print,p5-shallow-rgb09.ppm,ok,0.5909,0.6349,0.6451
attack-print,p5-shallow-rgb10.ppm,ok,0.6276,0.6943,0.7019
attack-print,p5-shallow-rgb11.ppm,ok,0.6064,0.6603,0.6841
attack-print,p5-shallow-rgb12.ppm,ok,0.6255,0.7053,0.7424
attack-print,p5-shallow-rgb13.ppm,ok,0.5868,0.6980,0.7132
attack-print,p5-shallow-rgb14.ppm,ok,0.6397,0.6635,0.7172
attack-print,p5-shallow-rgb15.ppm,ok,0.5950,0.6670,0.6617
attack-print,p5-shallow-rgb16.ppm,ok,0.5980,0.6893,0.6825
attack-print,p5-shallow-rgb17.ppm,ok,0.6471,0.6964,0.7358
attack-print,p5-shallow-rgb18.ppm,ok,0.6249,0.6965,0.7098
attack-print,p5-shallow-rgb19.ppm,ok,0.6242,0.7036,0.7497
