cond,frame,note,p_fake_pad96,p_fake_pad16
genuine-desk,b1-rgb00.ppm,ok,0.0224,0.2216
genuine-desk,b1-rgb01.ppm,ok,0.0095,0.2121
genuine-desk,b1-rgb02.ppm,ok,0.0032,0.1628
genuine-desk,b1-rgb03.ppm,ok,0.0007,0.7300
genuine-desk,b1-rgb04.ppm,ok,0.0138,0.7326
genuine-desk,b1-rgb05.ppm,ok,0.0113,0.4719
genuine-desk,b1-rgb06.ppm,ok,0.0017,0.1555
genuine-desk,b1-rgb07.ppm,ok,0.0065,0.7724
genuine-desk,b1-rgb08.ppm,ok,0.0032,0.2424
genuine-desk,b1-rgb09.ppm,ok,0.0072,0.4425
genuine-desk,b1-rgb10.ppm,ok,0.0027,0.1382
genuine-desk,b1-rgb11.ppm,ok,0.0041,0.3169
genuine-desk,b1-rgb12.ppm,ok,0.0018,0.0974
genuine-desk,b1-rgb13.ppm,ok,0.0065,0.2120
genuine-desk,b1-rgb14.ppm,ok,0.0045,0.0859
genuine-desk,b1-rgb15.ppm,ok,0.0015,0.2783
genuine-desk,b1-rgb16.ppm,ok,0.0040,0.3467
genuine-desk,b1-rgb17.ppm,ok,0.0030,0.2898
genuine-desk,b1-rgb18.ppm,ok,0.0074,0.1398
genuine-desk,b1-rgb19.ppm,ok,0.0025,0.0776
genuine-desk,b1-rgb20.ppm,ok,0.0059,0.3025
genuine-desk,b1-rgb21.ppm,ok,0.0021,0.4586
genuine-desk,b1-rgb22.ppm,ok,0.0106,0.4941
genuine-desk,b1-rgb23.ppm,ok,0.0109,0.1959
genuine-desk,b1-rgb24.ppm,ok,0.0113,0.2451
genuine-desk,b2-rgb00.ppm,ok,0.0075,0.1755
genuine-desk,b2-rgb01.ppm,ok,0.0505,0.1876
genuine-desk,b2-rgb02.ppm,ok,0.0199,0.1888
genuine-desk,b2-rgb03.ppm,ok,0.0030,0.0674
genuine-desk,b2-rgb04.ppm,ok,0.0147,0.0844
genuine-desk,b2-rgb05.ppm,ok,0.0079,0.4099
genuine-desk,b2-rgb06.ppm,ok,0.0069,0.2292
genuine-desk,b2-rgb07.ppm,ok,0.0039,0.1722
genuine-desk,b2-rgb08.ppm,ok,0.0032,0.5960
genuine-desk,b2-rgb09.ppm,ok,0.0057,0.1103
genuine-desk,b2-rgb10.ppm,ok,0.0229,0.0820
genuine-desk,b2-rgb11.ppm,ok,0.0161,0.1755
genuine-desk,b2-rgb12.ppm,ok,0.0042,0.2582
genuine-desk,b2-rgb13.ppm,ok,0.0699,0.1489
genuine-desk,b2-rgb14.ppm,ok,0.0319,0.0450
genuine-desk,b2-rgb15.ppm,ok,0.0383,0.0905
genuine-desk,b2-rgb16.ppm,ok,0.0045,0.0404
genuine-desk,b2-rgb17.ppm,ok,0.0513,0.0359
genuine-desk,b2-rgb18.ppm,ok,0.0147,0.7779
genuine-desk,b2-rgb19.ppm,ok,0.0648,0.2053
genuine-desk,b2-rgb20.ppm,ok,0.0663,0.5459
genuine-desk,b2-rgb21.ppm,ok,0.0395,0.0797
genuine-desk,b2-rgb22.ppm,ok,0.0080,0.3475
genuine-desk,b2-rgb23.ppm,ok,0.0101,0.2580
genuine-desk,b2-rgb24.ppm,ok,0.0120,0.2476
genuine-desk,b3-rgb00.ppm,ok,0.0793,0.2438
genuine-desk,b3-rgb01.ppm,ok,0.0148,0.2133
genuine-desk,b3-rgb02.ppm,ok,0.0156,0.0749
genuine-desk,b3-rgb03.ppm,ok,0.0048,0.0977
genuine-desk,b3-rgb04.ppm,ok,0.0020,0.1162
genuine-desk,b3-rgb05.ppm,ok,0.0035,0.0881
genuine-desk,b3-rgb06.ppm,ok,0.0018,0.3492
genuine-desk,b3-rgb07.ppm,ok,0.0049,0.1020
genuine-desk,b3-rgb08.ppm,ok,0.0100,0.0691
genuine-desk,b3-rgb09.ppm,ok,0.0139,0.2243
genuine-desk,b3-rgb10.ppm,ok,0.0118,0.2965
genuine-desk,b3-rgb11.ppm,ok,0.0117,0.2868
genuine-desk,b3-rgb12.ppm,ok,0.0133,0.3315
genuine-desk,b3-rgb13.ppm,ok,0.0454,0.3400
genuine-desk,b3-rgb14.ppm,ok,0.0699,0.1262
genuine-desk,b3-rgb15.ppm,ok,0.0488,0.0446
genuine-desk,b3-rgb16.ppm,ok,0.0162,0.0431
genuine-desk,b3-rgb17.ppm,ok,0.0235,0.2692
genuine-desk,b3-rgb18.ppm,ok,0.0108,0.2089
genuine-desk,b3-rgb19.ppm,ok,0.0588,0.1032
genuine-desk,b3-rgb20.ppm,ok,0.0177,0.1127
genuine-desk,b3-rgb21.ppm,ok,0.0047,0.0845
genuine-desk,b3-rgb22.ppm,ok,0.0031,0.3194
genuine-desk,b3-rgb23.ppm,ok,0.0202,0.2300
genuine-desk,b3-rgb24.ppm,ok,0.0028,0.2835
genuine-lowlight,b1-rgb00.ppm,no-detect,,
genuine-lowlight,b1-rgb01.ppm,no-detect,,
genuine-lowlight,b1-rgb02.ppm,no-detect,,
genuine-lowlight,b1-rgb03.ppm,no-detect,,
genuine-lowlight,b1-rgb04.ppm,no-detect,,
genuine-lowlight,b1-rgb05.ppm,no-detect,,
genuine-lowlight,b1-rgb06.ppm,no-detect,,
genuine-lowlight,b1-rgb07.ppm,no-detect,,
genuine-lowlight,b1-rgb08.ppm,no-detect,,
genuine-lowlight,b1-rgb09.ppm,no-detect,,
genuine-lowlight,b1-rgb10.ppm,no-detect,,
genuine-lowlight,b1-rgb11.ppm,no-detect,,
genuine-lowlight,b1-rgb12.ppm,ok,0.5479,0.9391
genuine-lowlight,b1-rgb13.ppm,no-detect,,
genuine-lowlight,b1-rgb14.ppm,ok,0.7208,0.6310
genuine-lowlight,b1-rgb15.ppm,ok,0.7341,0.8092
genuine-lowlight,b1-rgb16.ppm,ok,0.6590,0.8461
genuine-lowlight,b1-rgb17.ppm,no-detect,,
genuine-lowlight,b1-rgb18.ppm,no-detect,,
genuine-lowlight,b1-rgb19.ppm,no-detect,,
genuine-lowlight,b1-rgb20.ppm,no-detect,,
genuine-lowlight,b1-rgb21.ppm,ok,0.6230,0.9290
genuine-lowlight,b1-rgb22.ppm,ok,0.5551,0.9632
genuine-lowlight,b1-rgb23.ppm,no-detect,,
genuine-lowlight,b1-rgb24.ppm,ok,0.4166,0.9640
genuine-lowlight,b2-rgb00.ppm,no-detect,,
genuine-lowlight,b2-rgb01.ppm,no-detect,,
genuine-lowlight,b2-rgb02.ppm,no-detect,,
genuine-lowlight,b2-rgb03.ppm,no-detect,,
genuine-lowlight,b2-rgb04.ppm,no-detect,,
genuine-lowlight,b2-rgb05.ppm,no-detect,,
genuine-lowlight,b2-rgb06.ppm,no-detect,,
genuine-lowlight,b2-rgb07.ppm,no-detect,,
genuine-lowlight,b2-rgb08.ppm,no-detect,,
genuine-lowlight,b2-rgb09.ppm,no-detect,,
genuine-lowlight,b2-rgb10.ppm,ok,0.8368,0.9122
genuine-lowlight,b2-rgb11.ppm,no-detect,,
genuine-lowlight,b2-rgb12.ppm,no-detect,,
genuine-lowlight,b2-rgb13.ppm,no-detect,,
genuine-lowlight,b2-rgb14.ppm,no-detect,,
genuine-lowlight,b2-rgb15.ppm,no-detect,,
genuine-lowlight,b2-rgb16.ppm,no-detect,,
genuine-lowlight,b2-rgb17.ppm,no-detect,,
genuine-lowlight,b2-rgb18.ppm,no-detect,,
genuine-lowlight,b2-rgb19.ppm,no-detect,,
genuine-lowlight,b2-rgb20.ppm,no-detect,,
genuine-lowlight,b2-rgb21.ppm,no-detect,,
genuine-lowlight,b2-rgb22.ppm,no-detect,,
genuine-lowlight,b2-rgb23.ppm,no-detect,,
genuine-lowlight,b2-rgb24.ppm,no-detect,,
genuine-lowlight,b3-rgb00.ppm,no-detect,,
genuine-lowlight,b3-rgb01.ppm,no-detect,,
genuine-lowlight,b3-rgb02.ppm,no-detect,,
genuine-lowlight,b3-rgb03.ppm,no-detect,,
genuine-lowlight,b3-rgb04.ppm,no-detect,,
genuine-lowlight,b3-rgb05.ppm,no-detect,,
genuine-lowlight,b3-rgb06.ppm,no-detect,,
genuine-lowlight,b3-rgb07.ppm,no-detect,,
genuine-lowlight,b3-rgb08.ppm,no-detect,,
genuine-lowlight,b3-rgb09.ppm,no-detect,,
genuine-lowlight,b3-rgb10.ppm,ok,0.9506,0.7208
genuine-lowlight,b3-rgb11.ppm,ok,0.9732,0.9578
genuine-lowlight,b3-rgb12.ppm,no-detect,,
genuine-lowlight,b3-rgb13.ppm,no-detect,,
genuine-lowlight,b3-rgb14.ppm,no-detect,,
genuine-lowlight,b3-rgb15.ppm,no-detect,,
genuine-lowlight,b3-rgb16.ppm,no-detect,,
genuine-lowlight,b3-rgb17.ppm,ok,0.9774,0.9192
genuine-lowlight,b3-rgb18.ppm,ok,0.9555,0.8994
genuine-lowlight,b3-rgb19.ppm,ok,0.9659,0.9188
genuine-lowlight,b3-rgb20.ppm,ok,0.9507,0.9375
genuine-lowlight,b3-rgb21.ppm,ok,0.9509,0.8730
genuine-lowlight,b3-rgb22.ppm,ok,0.9679,0.4657
genuine-lowlight,b3-rgb23.ppm,ok,0.3450,0.0117
genuine-lowlight,b3-rgb24.ppm,ok,0.1664,0.0233
attack-print,p1-flat-normal-rgb00.ppm,ok,0.3951,0.7505
attack-print,p1-flat-normal-rgb01.ppm,ok,0.3163,0.8086
attack-print,p1-flat-normal-rgb02.ppm,ok,0.3408,0.4249
attack-print,p1-flat-normal-rgb03.ppm,ok,0.5565,0.7712
attack-print,p1-flat-normal-rgb04.ppm,ok,0.7914,0.8827
attack-print,p1-flat-normal-rgb05.ppm,ok,0.6618,0.5546
attack-print,p1-flat-normal-rgb06.ppm,ok,0.3136,0.8551
attack-print,p1-flat-normal-rgb07.ppm,ok,0.4191,0.7895
attack-print,p1-flat-normal-rgb08.ppm,ok,0.7044,0.3462
attack-print,p1-flat-normal-rgb09.ppm,ok,0.3855,0.9044
attack-print,p1-flat-normal-rgb10.ppm,ok,0.8671,0.6375
attack-print,p1-flat-normal-rgb11.ppm,ok,0.3196,0.8530
attack-print,p1-flat-normal-rgb12.ppm,ok,0.4206,0.7770
attack-print,p1-flat-normal-rgb13.ppm,ok,0.5589,0.5762
attack-print,p1-flat-normal-rgb14.ppm,ok,0.2613,0.7057
attack-print,p1-flat-normal-rgb15.ppm,ok,0.1789,0.6174
attack-print,p1-flat-normal-rgb16.ppm,ok,0.3019,0.8329
attack-print,p1-flat-normal-rgb17.ppm,ok,0.2763,0.4724
attack-print,p1-flat-normal-rgb18.ppm,ok,0.7426,0.6669
attack-print,p1-flat-normal-rgb19.ppm,ok,0.3718,0.4756
attack-print,p2-close-rgb00.ppm,ok,0.4909,0.8885
attack-print,p2-close-rgb01.ppm,ok,0.6865,0.3397
attack-print,p2-close-rgb02.ppm,ok,0.6244,0.1871
attack-print,p2-close-rgb03.ppm,ok,0.9160,0.8863
attack-print,p2-close-rgb04.ppm,ok,0.9650,0.4602
attack-print,p2-close-rgb05.ppm,ok,0.8363,0.4313
attack-print,p2-close-rgb06.ppm,ok,0.8552,0.6315
attack-print,p2-close-rgb07.ppm,ok,0.7685,0.3894
attack-print,p2-close-rgb08.ppm,ok,0.9297,0.9268
attack-print,p2-close-rgb09.ppm,ok,0.9049,0.6830
attack-print,p2-close-rgb10.ppm,ok,0.8447,0.9242
attack-print,p2-close-rgb11.ppm,ok,0.9814,0.3113
attack-print,p2-close-rgb12.ppm,ok,0.9313,0.5700
attack-print,p2-close-rgb13.ppm,ok,0.9137,0.4768
attack-print,p2-close-rgb14.ppm,ok,0.9019,0.7090
attack-print,p2-close-rgb15.ppm,ok,0.9452,0.4821
attack-print,p2-close-rgb16.ppm,ok,0.9456,0.3964
attack-print,p2-close-rgb17.ppm,ok,0.8604,0.8547
attack-print,p2-close-rgb18.ppm,ok,0.9700,0.4930
attack-print,p2-close-rgb19.ppm,ok,0.9513,0.7194
attack-print,p3-tilt-left-rgb00.ppm,ok,0.8509,0.2178
attack-print,p3-tilt-left-rgb01.ppm,ok,0.9984,0.3813
attack-print,p3-tilt-left-rgb02.ppm,ok,0.8878,0.7970
attack-print,p3-tilt-left-rgb03.ppm,ok,0.8607,0.3895
attack-print,p3-tilt-left-rgb04.ppm,ok,0.9578,0.1841
attack-print,p3-tilt-left-rgb05.ppm,ok,0.9739,0.3222
attack-print,p3-tilt-left-rgb06.ppm,ok,0.8602,0.6292
attack-print,p3-tilt-left-rgb07.ppm,ok,0.9773,0.7867
attack-print,p3-tilt-left-rgb08.ppm,ok,0.9819,0.9899
attack-print,p3-tilt-left-rgb09.ppm,ok,0.9628,0.6449
attack-print,p3-tilt-left-rgb10.ppm,ok,0.8878,0.7866
attack-print,p3-tilt-left-rgb11.ppm,ok,0.9966,0.8577
attack-print,p3-tilt-left-rgb12.ppm,ok,0.8237,0.9029
attack-print,p3-tilt-left-rgb13.ppm,ok,0.9777,0.3497
attack-print,p3-tilt-left-rgb14.ppm,ok,0.9944,0.9613
attack-print,p3-tilt-left-rgb15.ppm,ok,0.9911,0.9734
attack-print,p3-tilt-left-rgb16.ppm,ok,0.9074,0.7319
attack-print,p3-tilt-left-rgb17.ppm,ok,0.9073,0.8022
attack-print,p3-tilt-left-rgb18.ppm,ok,0.9801,0.6147
attack-print,p3-tilt-left-rgb19.ppm,ok,0.9811,0.7920
attack-print,p4-tilt-right-rgb00.ppm,ok,0.8408,0.5232
attack-print,p4-tilt-right-rgb01.ppm,ok,0.9933,0.6304
attack-print,p4-tilt-right-rgb02.ppm,ok,0.9714,0.5040
attack-print,p4-tilt-right-rgb03.ppm,ok,0.9958,0.6669
attack-print,p4-tilt-right-rgb04.ppm,ok,0.9167,0.2570
attack-print,p4-tilt-right-rgb05.ppm,ok,0.9955,0.8911
attack-print,p4-tilt-right-rgb06.ppm,ok,0.9796,0.5302
attack-print,p4-tilt-right-rgb07.ppm,ok,0.9675,0.3501
attack-print,p4-tilt-right-rgb08.ppm,ok,0.9855,0.3901
attack-print,p4-tilt-right-rgb09.ppm,ok,0.9613,0.5525
attack-print,p4-tilt-right-rgb10.ppm,ok,0.9180,0.5233
attack-print,p4-tilt-right-rgb11.ppm,ok,0.9304,0.8611
attack-print,p4-tilt-right-rgb12.ppm,ok,0.9659,0.3238
attack-print,p4-tilt-right-rgb13.ppm,ok,0.9701,0.3470
attack-print,p4-tilt-right-rgb14.ppm,ok,0.9784,0.1220
attack-print,p4-tilt-right-rgb15.ppm,ok,0.9874,0.4137
attack-print,p4-tilt-right-rgb16.ppm,ok,0.9928,0.7062
attack-print,p4-tilt-right-rgb17.ppm,ok,0.9866,0.7475
attack-print,p4-tilt-right-rgb18.ppm,ok,0.9889,0.6865
attack-print,p4-tilt-right-rgb19.ppm,ok,0.9603,0.9714
attack-print,p5-shallow-rgb00.ppm,ok,0.8279,0.4367
attack-print,p5-shallow-rgb01.ppm,ok,0.9912,0.5007
attack-print,p5-shallow-rgb02.ppm,ok,0.9940,0.8101
attack-print,p5-shallow-rgb03.ppm,ok,0.9005,0.2912
attack-print,p5-shallow-rgb04.ppm,ok,0.8694,0.0854
attack-print,p5-shallow-rgb05.ppm,ok,0.8804,0.7161
attack-print,p5-shallow-rgb06.ppm,ok,0.9363,0.2611
attack-print,p5-shallow-rgb07.ppm,ok,0.3663,0.0289
attack-print,p5-shallow-rgb08.ppm,ok,0.7976,0.3578
attack-print,p5-shallow-rgb09.ppm,ok,0.9915,0.2861
attack-print,p5-shallow-rgb10.ppm,ok,0.9422,0.4164
attack-print,p5-shallow-rgb11.ppm,ok,0.9531,0.7632
attack-print,p5-shallow-rgb12.ppm,ok,0.8947,0.8924
attack-print,p5-shallow-rgb13.ppm,ok,0.9988,0.7088
attack-print,p5-shallow-rgb14.ppm,ok,0.9831,0.5043
attack-print,p5-shallow-rgb15.ppm,ok,0.9802,0.7112
attack-print,p5-shallow-rgb16.ppm,ok,0.9919,0.3077
attack-print,p5-shallow-rgb17.ppm,ok,0.8733,0.0415
attack-print,p5-shallow-rgb18.ppm,ok,0.9878,0.5301
attack-print,p5-shallow-rgb19.ppm,ok,0.9805,0.2159
