cond,frame,note,p_fake_warp,p_fake_pad96
genuine-desk,b1-rgb00.ppm,ok,0.9253,0.9566
genuine-desk,b1-rgb01.ppm,ok,0.8748,0.9719
genuine-desk,b1-rgb02.ppm,ok,0.9436,0.9729
genuine-desk,b1-rgb03.ppm,ok,0.9511,0.9786
genuine-desk,b1-rgb04.ppm,ok,0.9493,0.9786
genuine-desk,b1-rgb05.ppm,ok,0.9520,0.9818
genuine-desk,b1-rgb06.ppm,ok,0.9529,0.9778
genuine-desk,b1-rgb07.ppm,ok,0.9600,0.9823
genuine-desk,b1-rgb08.ppm,ok,0.9676,0.9841
genuine-desk,b1-rgb09.ppm,ok,0.9618,0.9846
genuine-desk,b1-rgb10.ppm,ok,0.9599,0.9846
genuine-desk,b1-rgb11.ppm,ok,0.9526,0.9857
genuine-desk,b1-rgb12.ppm,ok,0.9603,0.9872
genuine-desk,b1-rgb13.ppm,ok,0.9526,0.9850
genuine-desk,b1-rgb14.ppm,ok,0.9613,0.9833
genuine-desk,b1-rgb15.ppm,ok,0.9550,0.9823
genuine-desk,b1-rgb16.ppm,ok,0.9676,0.9849
genuine-desk,b1-rgb17.ppm,ok,0.9659,0.9884
genuine-desk,b1-rgb18.ppm,ok,0.9532,0.9839
genuine-desk,b1-rgb19.ppm,ok,0.9626,0.9782
genuine-desk,b1-rgb20.ppm,ok,0.9710,0.9811
genuine-desk,b1-rgb21.ppm,ok,0.9755,0.9850
genuine-desk,b1-rgb22.ppm,ok,0.9650,0.9834
genuine-desk,b1-rgb23.ppm,ok,0.9688,0.9876
genuine-desk,b1-rgb24.ppm,ok,0.9639,0.9864
genuine-desk,b2-rgb00.ppm,ok,0.9819,0.9896
genuine-desk,b2-rgb01.ppm,ok,0.9687,0.9885
genuine-desk,b2-rgb02.ppm,ok,0.9697,0.9877
genuine-desk,b2-rgb03.ppm,ok,0.9676,0.9858
genuine-desk,b2-rgb04.ppm,ok,0.9776,0.9871
genuine-desk,b2-rgb05.ppm,ok,0.9762,0.9870
genuine-desk,b2-rgb06.ppm,ok,0.9699,0.9868
genuine-desk,b2-rgb07.ppm,ok,0.9702,0.9845
genuine-desk,b2-rgb08.ppm,ok,0.9654,0.9875
genuine-desk,b2-rgb09.ppm,ok,0.9662,0.9857
genuine-desk,b2-rgb10.ppm,ok,0.9642,0.9854
genuine-desk,b2-rgb11.ppm,ok,0.9500,0.9848
genuine-desk,b2-rgb12.ppm,ok,0.9477,0.9847
genuine-desk,b2-rgb13.ppm,ok,0.9548,0.9849
genuine-desk,b2-rgb14.ppm,ok,0.9654,0.9866
genuine-desk,b2-rgb15.ppm,ok,0.9630,0.9861
genuine-desk,b2-rgb16.ppm,ok,0.9685,0.9852
genuine-desk,b2-rgb17.ppm,ok,0.9687,0.9852
genuine-desk,b2-rgb18.ppm,ok,0.9684,0.9853
genuine-desk,b2-rgb19.ppm,ok,0.9639,0.9854
genuine-desk,b2-rgb20.ppm,ok,0.9726,0.9862
genuine-desk,b2-rgb21.ppm,ok,0.9593,0.9845
genuine-desk,b2-rgb22.ppm,ok,0.9625,0.9806
genuine-desk,b2-rgb23.ppm,ok,0.9712,0.9848
genuine-desk,b2-rgb24.ppm,ok,0.9626,0.9827
genuine-desk,b3-rgb00.ppm,ok,0.9846,0.9874
genuine-desk,b3-rgb01.ppm,ok,0.9746,0.9872
genuine-desk,b3-rgb02.ppm,ok,0.9653,0.9837
genuine-desk,b3-rgb03.ppm,ok,0.9633,0.9862
genuine-desk,b3-rgb04.ppm,ok,0.9704,0.9864
genuine-desk,b3-rgb05.ppm,ok,0.9737,0.9839
genuine-desk,b3-rgb06.ppm,ok,0.9729,0.9846
genuine-desk,b3-rgb07.ppm,ok,0.9773,0.9844
genuine-desk,b3-rgb08.ppm,ok,0.9662,0.9849
genuine-desk,b3-rgb09.ppm,ok,0.9512,0.9823
genuine-desk,b3-rgb10.ppm,ok,0.9615,0.9820
genuine-desk,b3-rgb11.ppm,ok,0.9600,0.9836
genuine-desk,b3-rgb12.ppm,ok,0.9702,0.9830
genuine-desk,b3-rgb13.ppm,ok,0.9663,0.9844
genuine-desk,b3-rgb14.ppm,ok,0.9616,0.9831
genuine-desk,b3-rgb15.ppm,ok,0.9735,0.9839
genuine-desk,b3-rgb16.ppm,ok,0.9700,0.9824
genuine-desk,b3-rgb17.ppm,ok,0.9596,0.9804
genuine-desk,b3-rgb18.ppm,ok,0.9732,0.9834
genuine-desk,b3-rgb19.ppm,ok,0.9744,0.9834
genuine-desk,b3-rgb20.ppm,ok,0.9712,0.9858
genuine-desk,b3-rgb21.ppm,ok,0.9688,0.9840
genuine-desk,b3-rgb22.ppm,ok,0.9672,0.9815
genuine-desk,b3-rgb23.ppm,ok,0.9632,0.9802
genuine-desk,b3-rgb24.ppm,ok,0.9685,0.9817
genuine-lowlight,b1-rgb00.ppm,no-detect,,
genuine-lowlight,b1-rgb01.ppm,no-detect,,
genuine-lowlight,b1-rgb02.ppm,no-detect,,
genuine-lowlight,b1-rgb03.ppm,no-detect,,
genuine-lowlight,b1-rgb04.ppm,no-detect,,
genuine-lowlight,b1-rgb05.ppm,no-detect,,
genuine-lowlight,b1-rgb06.ppm,no-detect,,
genuine-lowlight,b1-rgb07.ppm,no-detect,,
genuine-lowlight,b1-rgb08.ppm,no-detect,,
genuine-lowlight,b1-rgb09.ppm,no-detect,,
genuine-lowlight,b1-rgb10.ppm,no-detect,,
genuine-lowlight,b1-rgb11.ppm,no-detect,,
genuine-lowlight,b1-rgb12.ppm,ok,0.5891,0.6617
genuine-lowlight,b1-rgb13.ppm,no-detect,,
genuine-lowlight,b1-rgb14.ppm,ok,0.6015,0.6181
genuine-lowlight,b1-rgb15.ppm,ok,0.6352,0.6053
genuine-lowlight,b1-rgb16.ppm,ok,0.5663,0.6332
genuine-lowlight,b1-rgb17.ppm,no-detect,,
genuine-lowlight,b1-rgb18.ppm,no-detect,,
genuine-lowlight,b1-rgb19.ppm,no-detect,,
genuine-lowlight,b1-rgb20.ppm,no-detect,,
genuine-lowlight,b1-rgb21.ppm,ok,0.5925,0.6413
genuine-lowlight,b1-rgb22.ppm,ok,0.5908,0.6135
genuine-lowlight,b1-rgb23.ppm,no-detect,,
genuine-lowlight,b1-rgb24.ppm,ok,0.5820,0.6389
genuine-lowlight,b2-rgb00.ppm,no-detect,,
genuine-lowlight,b2-rgb01.ppm,no-detect,,
genuine-lowlight,b2-rgb02.ppm,no-detect,,
genuine-lowlight,b2-rgb03.ppm,no-detect,,
genuine-lowlight,b2-rgb04.ppm,no-detect,,
genuine-lowlight,b2-rgb05.ppm,no-detect,,
genuine-lowlight,b2-rgb06.ppm,no-detect,,
genuine-lowlight,b2-rgb07.ppm,no-detect,,
genuine-lowlight,b2-rgb08.ppm,no-detect,,
genuine-lowlight,b2-rgb09.ppm,no-detect,,
genuine-lowlight,b2-rgb10.ppm,ok,0.5981,0.6260
genuine-lowlight,b2-rgb11.ppm,no-detect,,
genuine-lowlight,b2-rgb12.ppm,no-detect,,
genuine-lowlight,b2-rgb13.ppm,no-detect,,
genuine-lowlight,b2-rgb14.ppm,no-detect,,
genuine-lowlight,b2-rgb15.ppm,no-detect,,
genuine-lowlight,b2-rgb16.ppm,no-detect,,
genuine-lowlight,b2-rgb17.ppm,no-detect,,
genuine-lowlight,b2-rgb18.ppm,no-detect,,
genuine-lowlight,b2-rgb19.ppm,no-detect,,
genuine-lowlight,b2-rgb20.ppm,no-detect,,
genuine-lowlight,b2-rgb21.ppm,no-detect,,
genuine-lowlight,b2-rgb22.ppm,no-detect,,
genuine-lowlight,b2-rgb23.ppm,no-detect,,
genuine-lowlight,b2-rgb24.ppm,no-detect,,
genuine-lowlight,b3-rgb00.ppm,no-detect,,
genuine-lowlight,b3-rgb01.ppm,no-detect,,
genuine-lowlight,b3-rgb02.ppm,no-detect,,
genuine-lowlight,b3-rgb03.ppm,no-detect,,
genuine-lowlight,b3-rgb04.ppm,no-detect,,
genuine-lowlight,b3-rgb05.ppm,no-detect,,
genuine-lowlight,b3-rgb06.ppm,no-detect,,
genuine-lowlight,b3-rgb07.ppm,no-detect,,
genuine-lowlight,b3-rgb08.ppm,no-detect,,
genuine-lowlight,b3-rgb09.ppm,no-detect,,
genuine-lowlight,b3-rgb10.ppm,ok,0.6177,0.6044
genuine-lowlight,b3-rgb11.ppm,ok,0.6037,0.5998
genuine-lowlight,b3-rgb12.ppm,no-detect,,
genuine-lowlight,b3-rgb13.ppm,no-detect,,
genuine-lowlight,b3-rgb14.ppm,no-detect,,
genuine-lowlight,b3-rgb15.ppm,no-detect,,
genuine-lowlight,b3-rgb16.ppm,no-detect,,
genuine-lowlight,b3-rgb17.ppm,ok,0.5940,0.5962
genuine-lowlight,b3-rgb18.ppm,ok,0.6532,0.6099
genuine-lowlight,b3-rgb19.ppm,ok,0.6128,0.6052
genuine-lowlight,b3-rgb20.ppm,ok,0.6731,0.6259
genuine-lowlight,b3-rgb21.ppm,ok,0.6205,0.6053
genuine-lowlight,b3-rgb22.ppm,ok,0.6263,0.6171
genuine-lowlight,b3-rgb23.ppm,ok,0.9122,0.9573
genuine-lowlight,b3-rgb24.ppm,ok,0.0491,0.5378
attack-print,p1-flat-normal-rgb00.ppm,ok,0.9806,0.7356
attack-print,p1-flat-normal-rgb01.ppm,ok,0.9935,0.6136
attack-print,p1-flat-normal-rgb02.ppm,ok,0.9915,0.6852
attack-print,p1-flat-normal-rgb03.ppm,ok,0.9930,0.7073
attack-print,p1-flat-normal-rgb04.ppm,ok,0.9909,0.7362
attack-print,p1-flat-normal-rgb05.ppm,ok,0.9905,0.7192
attack-print,p1-flat-normal-rgb06.ppm,ok,0.9879,0.7004
attack-print,p1-flat-normal-rgb07.ppm,ok,0.9919,0.5610
attack-print,p1-flat-normal-rgb08.ppm,ok,0.9828,0.6688
attack-print,p1-flat-normal-rgb09.ppm,ok,0.9820,0.5608
attack-print,p1-flat-normal-rgb10.ppm,ok,0.9815,0.6057
attack-print,p1-flat-normal-rgb11.ppm,ok,0.9810,0.6187
attack-print,p1-flat-normal-rgb12.ppm,ok,0.9929,0.6669
attack-print,p1-flat-normal-rgb13.ppm,ok,0.9862,0.6003
attack-print,p1-flat-normal-rgb14.ppm,ok,0.9575,0.5606
attack-print,p1-flat-normal-rgb15.ppm,ok,0.9258,0.5858
attack-print,p1-flat-normal-rgb16.ppm,ok,0.9651,0.5627
attack-print,p1-flat-normal-rgb17.ppm,ok,0.9584,0.5954
attack-print,p1-flat-normal-rgb18.ppm,ok,0.9359,0.5124
attack-print,p1-flat-normal-rgb19.ppm,ok,0.8855,0.3846
attack-print,p2-close-rgb00.ppm,ok,0.9616,0.5201
attack-print,p2-close-rgb01.ppm,ok,0.9401,0.4380
attack-print,p2-close-rgb02.ppm,ok,0.9372,0.3741
attack-print,p2-close-rgb03.ppm,ok,0.9126,0.3017
attack-print,p2-close-rgb04.ppm,ok,0.8714,0.3143
attack-print,p2-close-rgb05.ppm,ok,0.8538,0.3592
attack-print,p2-close-rgb06.ppm,ok,0.8829,0.3686
attack-print,p2-close-rgb07.ppm,ok,0.8462,0.3263
attack-print,p2-close-rgb08.ppm,ok,0.8956,0.3181
attack-print,p2-close-rgb09.ppm,ok,0.9376,0.3106
attack-print,p2-close-rgb10.ppm,ok,0.8494,0.3413
attack-print,p2-close-rgb11.ppm,ok,0.8578,0.3191
attack-print,p2-close-rgb12.ppm,ok,0.7951,0.3014
attack-print,p2-close-rgb13.ppm,ok,0.8318,0.3146
attack-print,p2-close-rgb14.ppm,ok,0.7591,0.2839
attack-print,p2-close-rgb15.ppm,ok,0.8807,0.2916
attack-print,p2-close-rgb16.ppm,ok,0.8841,0.2946
attack-print,p2-close-rgb17.ppm,ok,0.7963,0.2805
attack-print,p2-close-rgb18.ppm,ok,0.9382,0.3212
attack-print,p2-close-rgb19.ppm,ok,0.8658,0.2574
attack-print,p3-tilt-left-rgb00.ppm,ok,0.9645,0.4705
attack-print,p3-tilt-left-rgb01.ppm,ok,0.9331,0.3159
attack-print,p3-tilt-left-rgb02.ppm,ok,0.8808,0.3280
attack-print,p3-tilt-left-rgb03.ppm,ok,0.9355,0.2861
attack-print,p3-tilt-left-rgb04.ppm,ok,0.9558,0.3426
attack-print,p3-tilt-left-rgb05.ppm,ok,0.9410,0.3233
attack-print,p3-tilt-left-rgb06.ppm,ok,0.9479,0.3250
attack-print,p3-tilt-left-rgb07.ppm,ok,0.9523,0.2734
attack-print,p3-tilt-left-rgb08.ppm,ok,0.8792,0.3091
attack-print,p3-tilt-left-rgb09.ppm,ok,0.9374,0.3572
attack-print,p3-tilt-left-rgb10.ppm,ok,0.9573,0.3205
attack-print,p3-tilt-left-rgb11.ppm,ok,0.9446,0.3590
attack-print,p3-tilt-left-rgb12.ppm,ok,0.9475,0.5082
attack-print,p3-tilt-left-rgb13.ppm,ok,0.9617,0.5197
attack-print,p3-tilt-left-rgb14.ppm,ok,0.9452,0.5200
attack-print,p3-tilt-left-rgb15.ppm,ok,0.9780,0.6800
attack-print,p3-tilt-left-rgb16.ppm,ok,0.9511,0.6490
attack-print,p3-tilt-left-rgb17.ppm,ok,0.9698,0.4713
attack-print,p3-tilt-left-rgb18.ppm,ok,0.9745,0.4496
attack-print,p3-tilt-left-rgb19.ppm,ok,0.9812,0.4024
attack-print,p4-tilt-right-rgb00.ppm,ok,0.9852,0.5089
attack-print,p4-tilt-right-rgb01.ppm,ok,0.9667,0.3061
attack-print,p4-tilt-right-rgb02.ppm,ok,0.9619,0.2715
attack-print,p4-tilt-right-rgb03.ppm,ok,0.9288,0.2954
attack-print,p4-tilt-right-rgb04.ppm,ok,0.9467,0.2889
attack-print,p4-tilt-right-rgb05.ppm,ok,0.9226,0.3538
attack-print,p4-tilt-right-rgb06.ppm,ok,0.9459,0.3093
attack-print,p4-tilt-right-rgb07.ppm,ok,0.9686,0.3380
attack-print,p4-tilt-right-rgb08.ppm,ok,0.9728,0.3922
attack-print,p4-tilt-right-rgb09.ppm,ok,0.9812,0.4948
attack-print,p4-tilt-right-rgb10.ppm,ok,0.9878,0.5080
attack-print,p4-tilt-right-rgb11.ppm,ok,0.9936,0.6384
attack-print,p4-tilt-right-rgb12.ppm,ok,0.9867,0.5114
attack-print,p4-tilt-right-rgb13.ppm,ok,0.9855,0.4600
attack-print,p4-tilt-right-rgb14.ppm,ok,0.9784,0.4641
attack-print,p4-tilt-right-rgb15.ppm,ok,0.9879,0.5526
attack-print,p4-tilt-right-rgb16.ppm,ok,0.9782,0.4711
attack-print,p4-tilt-right-rgb17.ppm,ok,0.9912,0.5602
attack-print,p4-tilt-right-rgb18.ppm,ok,0.9823,0.4527
attack-print,p4-tilt-right-rgb19.ppm,ok,0.9700,0.5094
attack-print,p5-shallow-rgb00.ppm,ok,0.9890,0.5549
attack-print,p5-shallow-rgb01.ppm,ok,0.9864,0.4306
attack-print,p5-shallow-rgb02.ppm,ok,0.9725,0.4719
attack-print,p5-shallow-rgb03.ppm,ok,0.9859,0.4632
attack-print,p5-shallow-rgb04.ppm,ok,0.9925,0.5711
attack-print,p5-shallow-rgb05.ppm,ok,0.9876,0.5573
attack-print,p5-shallow-rgb06.ppm,ok,0.9762,0.5024
attack-print,p5-shallow-rgb07.ppm,ok,0.9948,0.3833
attack-print,p5-shallow-rgb08.ppm,ok,0.9813,0.3857
attack-print,p5-shallow-rgb09.ppm,ok,0.9469,0.2998
attack-print,p5-shallow-rgb10.ppm,ok,0.9699,0.3218
attack-print,p5-shallow-rgb11.ppm,ok,0.9754,0.5026
attack-print,p5-shallow-rgb12.ppm,ok,0.9932,0.5227
attack-print,p5-shallow-rgb13.ppm,ok,0.9673,0.2700
attack-print,p5-shallow-rgb14.ppm,ok,0.9910,0.4400
attack-print,p5-shallow-rgb15.ppm,ok,0.9436,0.2644
attack-print,p5-shallow-rgb16.ppm,ok,0.8749,0.2212
attack-print,p5-shallow-rgb17.ppm,ok,0.8900,0.2205
attack-print,p5-shallow-rgb18.ppm,ok,0.8946,0.2376
attack-print,p5-shallow-rgb19.ppm,ok,0.8468,0.2584
