cond,frame,note,p_spoof_tight,p_spoof_m96
attack-banner-close,f001.ppm,ok,0.5258,0.5888
attack-banner-close,f002.ppm,ok,0.4671,0.6060
attack-banner-close,f003.ppm,ok,0.4671,0.6060
attack-banner-close,f004.ppm,ok,0.4911,0.5867
attack-banner-close,f005.ppm,ok,0.4911,0.5867
attack-banner-close,f006.ppm,ok,0.4911,0.5867
attack-banner-close,f007.ppm,ok,0.4848,0.5731
attack-banner-close,f008.ppm,ok,0.5013,0.5820
attack-banner-close,f009.ppm,ok,0.5013,0.5820
attack-banner-close,f010.ppm,ok,0.4933,0.5977
attack-banner-close,f011.ppm,ok,0.4933,0.5977
attack-banner-close,f012.ppm,ok,0.4933,0.5977
attack-banner-close,f013.ppm,ok,0.5035,0.6112
attack-banner-close,f014.ppm,ok,0.5035,0.6112
attack-banner-close,f015.ppm,ok,0.5120,0.6107
attack-banner-close,f016.ppm,ok,0.5120,0.6107
attack-banner-close,f017.ppm,ok,0.4908,0.5866
attack-banner-close,f018.ppm,ok,0.4908,0.5866
attack-banner-close,f019.ppm,ok,0.5083,0.6037
attack-banner-close,f020.ppm,ok,0.5083,0.6037
attack-banner-close,f021.ppm,ok,0.5228,0.6138
attack-banner-close,f022.ppm,ok,0.5228,0.6138
attack-banner-close,f023.ppm,ok,0.5067,0.6185
attack-banner-close,f024.ppm,ok,0.5067,0.6185
attack-banner-close,f025.ppm,ok,0.5344,0.6116
attack-banner-close,f026.ppm,ok,0.5344,0.6116
attack-banner-close,f027.ppm,ok,0.5167,0.6273
attack-banner-close,f028.ppm,ok,0.5167,0.6273
attack-banner-close,f029.ppm,ok,0.5139,0.5992
attack-banner-close,f030.ppm,ok,0.5139,0.5992
attack-banner-close,f031.ppm,ok,0.4959,0.6028
attack-banner-close,f032.ppm,ok,0.4959,0.6028
attack-banner-close,f033.ppm,ok,0.4811,0.5939
attack-banner-close,f034.ppm,ok,0.4811,0.5939
attack-banner-close,f035.ppm,ok,0.4791,0.5809
attack-banner-close,f036.ppm,ok,0.4791,0.5809
attack-banner-close,f037.ppm,ok,0.4631,0.5899
attack-banner-close,f038.ppm,ok,0.4631,0.5899
attack-banner-close,f039.ppm,ok,0.5031,0.5819
attack-banner-close,f040.ppm,ok,0.5031,0.5819
attack-banner-close,f041.ppm,ok,0.4952,0.5760
attack-banner-close,f042.ppm,ok,0.4952,0.5760
attack-banner-close,f043.ppm,ok,0.4889,0.5865
attack-banner-close,f044.ppm,ok,0.4889,0.5865
attack-banner-close,f045.ppm,ok,0.4965,0.5867
attack-banner-close,f046.ppm,ok,0.4965,0.5867
attack-banner-close,f047.ppm,ok,0.4677,0.5643
attack-banner-close,f048.ppm,ok,0.4677,0.5643
attack-banner-flat,f001.ppm,ok,0.6250,0.6556
attack-banner-flat,f002.ppm,ok,0.5674,0.6089
attack-banner-flat,f003.ppm,ok,0.5674,0.6089
attack-banner-flat,f004.ppm,ok,0.5119,0.5827
attack-banner-flat,f005.ppm,ok,0.5119,0.5827
attack-banner-flat,f006.ppm,ok,0.5119,0.5827
attack-banner-flat,f007.ppm,ok,0.4958,0.5647
attack-banner-flat,f008.ppm,ok,0.5304,0.5948
attack-banner-flat,f009.ppm,ok,0.5304,0.5948
attack-banner-flat,f010.ppm,ok,0.5439,0.6677
attack-banner-flat,f011.ppm,ok,0.5439,0.6677
attack-banner-flat,f012.ppm,ok,0.5439,0.6677
attack-banner-flat,f013.ppm,ok,0.6153,0.7012
attack-banner-flat,f014.ppm,ok,0.6153,0.7012
attack-banner-flat,f015.ppm,ok,0.5907,0.6748
attack-banner-flat,f016.ppm,ok,0.5907,0.6748
attack-banner-flat,f017.ppm,ok,0.5853,0.6579
attack-banner-flat,f018.ppm,ok,0.5853,0.6579
attack-banner-flat,f019.ppm,ok,0.6340,0.6246
attack-banner-flat,f020.ppm,ok,0.6340,0.6246
attack-banner-flat,f021.ppm,ok,0.6200,0.6556
attack-banner-flat,f022.ppm,ok,0.6200,0.6556
attack-banner-flat,f023.ppm,ok,0.6290,0.6420
attack-banner-flat,f024.ppm,ok,0.6290,0.6420
attack-banner-flat,f025.ppm,ok,0.6398,0.6367
attack-banner-flat,f026.ppm,ok,0.6398,0.6367
attack-banner-flat,f027.ppm,ok,0.6264,0.6748
attack-banner-flat,f028.ppm,ok,0.6264,0.6748
attack-banner-flat,f029.ppm,ok,0.6267,0.6950
attack-banner-flat,f030.ppm,ok,0.6267,0.6950
attack-banner-flat,f031.ppm,ok,0.6126,0.6866
attack-banner-flat,f032.ppm,ok,0.6126,0.6866
attack-banner-flat,f033.ppm,ok,0.5740,0.6679
attack-banner-flat,f034.ppm,ok,0.5740,0.6679
attack-banner-flat,f035.ppm,ok,0.5583,0.6671
attack-banner-flat,f036.ppm,ok,0.5583,0.6671
attack-banner-flat,f037.ppm,ok,0.5845,0.6014
attack-banner-flat,f038.ppm,ok,0.5845,0.6014
attack-banner-flat,f039.ppm,ok,0.5574,0.6481
attack-banner-flat,f040.ppm,ok,0.5574,0.6481
attack-banner-flat,f041.ppm,ok,0.6173,0.6545
attack-banner-flat,f042.ppm,ok,0.6173,0.6545
attack-banner-flat,f043.ppm,ok,0.5848,0.6456
attack-banner-flat,f044.ppm,ok,0.5848,0.6456
attack-banner-flat,f045.ppm,ok,0.6335,0.6606
attack-banner-flat,f046.ppm,ok,0.6335,0.6606
attack-banner-flat,f047.ppm,ok,0.6289,0.6606
attack-banner-flat,f048.ppm,ok,0.6289,0.6606
attack-phone-closeflat,f001.ppm,ok,0.4551,0.3939
attack-phone-closeflat,f002.ppm,ok,0.4598,0.3922
attack-phone-closeflat,f003.ppm,ok,0.4598,0.3922
attack-phone-closeflat,f004.ppm,ok,0.5859,0.6753
attack-phone-closeflat,f005.ppm,ok,0.5859,0.6753
attack-phone-closeflat,f006.ppm,ok,0.5859,0.6753
attack-phone-closeflat,f007.ppm,ok,0.5562,0.6905
attack-phone-closeflat,f008.ppm,ok,0.5779,0.6838
attack-phone-closeflat,f009.ppm,ok,0.5779,0.6838
attack-phone-closeflat,f010.ppm,ok,0.6345,0.6869
attack-phone-closeflat,f011.ppm,ok,0.6345,0.6869
attack-phone-closeflat,f012.ppm,ok,0.6345,0.6869
attack-phone-closeflat,f013.ppm,ok,0.6109,0.6502
attack-phone-closeflat,f014.ppm,ok,0.6109,0.6502
attack-phone-closeflat,f015.ppm,ok,0.6055,0.6688
attack-phone-closeflat,f016.ppm,ok,0.6055,0.6688
attack-phone-closeflat,f017.ppm,ok,0.5997,0.6655
attack-phone-closeflat,f018.ppm,ok,0.5997,0.6655
attack-phone-closeflat,f019.ppm,ok,0.6119,0.6490
attack-phone-closeflat,f020.ppm,ok,0.6119,0.6490
attack-phone-closeflat,f021.ppm,ok,0.5369,0.5875
attack-phone-closeflat,f022.ppm,ok,0.5369,0.5875
attack-phone-closeflat,f023.ppm,ok,0.5091,0.5800
attack-phone-closeflat,f024.ppm,ok,0.5091,0.5800
attack-phone-closeflat,f025.ppm,ok,0.5910,0.5801
attack-phone-closeflat,f026.ppm,ok,0.5910,0.5801
attack-phone-closeflat,f027.ppm,ok,0.5530,0.5572
attack-phone-closeflat,f028.ppm,ok,0.5530,0.5572
attack-phone-closeflat,f029.ppm,ok,0.5693,0.5657
attack-phone-closeflat,f030.ppm,ok,0.5693,0.5657
attack-phone-closeflat,f031.ppm,ok,0.5673,0.5425
attack-phone-closeflat,f032.ppm,ok,0.5673,0.5425
attack-phone-closeflat,f033.ppm,ok,0.4901,0.5238
attack-phone-closeflat,f034.ppm,ok,0.4901,0.5238
attack-phone-closeflat,f035.ppm,ok,0.4816,0.4916
attack-phone-closeflat,f036.ppm,ok,0.4816,0.4916
attack-phone-closeflat,f037.ppm,ok,0.5368,0.4822
attack-phone-closeflat,f038.ppm,ok,0.5368,0.4822
attack-phone-closeflat,f039.ppm,ok,0.5021,0.4875
attack-phone-closeflat,f040.ppm,ok,0.5021,0.4875
attack-phone-closeflat,f041.ppm,ok,0.5079,0.4919
attack-phone-closeflat,f042.ppm,ok,0.5079,0.4919
attack-phone-closeflat,f043.ppm,ok,0.5176,0.5059
attack-phone-closeflat,f044.ppm,ok,0.5176,0.5059
attack-phone-closeflat,f045.ppm,ok,0.5098,0.5237
attack-phone-closeflat,f046.ppm,ok,0.5098,0.5237
attack-phone-closeflat,f047.ppm,ok,0.4933,0.5333
attack-phone-closeflat,f048.ppm,ok,0.4933,0.5333
attack-phone-flat,f001.ppm,ok,0.4842,0.4153
attack-phone-flat,f002.ppm,ok,0.4609,0.4258
attack-phone-flat,f003.ppm,ok,0.4609,0.4258
attack-phone-flat,f004.ppm,ok,0.5707,0.6709
attack-phone-flat,f005.ppm,ok,0.5707,0.6709
attack-phone-flat,f006.ppm,ok,0.5707,0.6709
attack-phone-flat,f007.ppm,ok,0.5675,0.6740
attack-phone-flat,f008.ppm,ok,0.5773,0.6489
attack-phone-flat,f009.ppm,ok,0.5773,0.6489
attack-phone-flat,f010.ppm,ok,0.5634,0.6596
attack-phone-flat,f011.ppm,ok,0.5634,0.6596
attack-phone-flat,f012.ppm,ok,0.5634,0.6596
attack-phone-flat,f013.ppm,ok,0.5705,0.6776
attack-phone-flat,f014.ppm,ok,0.5705,0.6776
attack-phone-flat,f015.ppm,ok,0.5858,0.6446
attack-phone-flat,f016.ppm,ok,0.5858,0.6446
attack-phone-flat,f017.ppm,ok,0.5722,0.6611
attack-phone-flat,f018.ppm,ok,0.5722,0.6611
attack-phone-flat,f019.ppm,ok,0.5759,0.6656
attack-phone-flat,f020.ppm,ok,0.5759,0.6656
attack-phone-flat,f021.ppm,ok,0.5693,0.6340
attack-phone-flat,f022.ppm,ok,0.5693,0.6340
attack-phone-flat,f023.ppm,ok,0.5742,0.6702
attack-phone-flat,f024.ppm,ok,0.5742,0.6702
attack-phone-flat,f025.ppm,ok,0.5869,0.6544
attack-phone-flat,f026.ppm,ok,0.5869,0.6544
attack-phone-flat,f027.ppm,ok,0.6004,0.6716
attack-phone-flat,f028.ppm,ok,0.6004,0.6716
attack-phone-flat,f029.ppm,ok,0.6348,0.6816
attack-phone-flat,f030.ppm,ok,0.6348,0.6816
attack-phone-flat,f031.ppm,ok,0.6068,0.6821
attack-phone-flat,f032.ppm,ok,0.6068,0.6821
attack-phone-flat,f033.ppm,ok,0.6673,0.6831
attack-phone-flat,f034.ppm,ok,0.6673,0.6831
attack-phone-flat,f035.ppm,ok,0.6694,0.6894
attack-phone-flat,f036.ppm,ok,0.6694,0.6894
attack-phone-flat,f037.ppm,ok,0.6743,0.6920
attack-phone-flat,f038.ppm,ok,0.6743,0.6920
attack-phone-flat,f039.ppm,ok,0.6534,0.6885
attack-phone-flat,f040.ppm,ok,0.6534,0.6885
attack-phone-flat,f041.ppm,ok,0.6354,0.6498
attack-phone-flat,f042.ppm,ok,0.6354,0.6498
attack-phone-flat,f043.ppm,ok,0.6141,0.6710
attack-phone-flat,f044.ppm,ok,0.6141,0.6710
attack-phone-flat,f045.ppm,ok,0.6237,0.7158
attack-phone-flat,f046.ppm,ok,0.6237,0.7158
attack-phone-flat,f047.ppm,ok,0.6146,0.6678
attack-phone-flat,f048.ppm,ok,0.6185,0.6738
attack-phone-flat2,f001.ppm,ok,0.6380,0.6090
attack-phone-flat2,f002.ppm,ok,0.5832,0.5955
attack-phone-flat2,f003.ppm,ok,0.5832,0.5955
attack-phone-flat2,f004.ppm,ok,0.6397,0.6376
attack-phone-flat2,f005.ppm,ok,0.6397,0.6376
attack-phone-flat2,f006.ppm,ok,0.6397,0.6376
attack-phone-flat2,f007.ppm,ok,0.5585,0.6336
attack-phone-flat2,f008.ppm,ok,0.5796,0.6658
attack-phone-flat2,f009.ppm,ok,0.5796,0.6658
attack-phone-flat2,f010.ppm,ok,0.5948,0.5862
attack-phone-flat2,f011.ppm,ok,0.5948,0.5862
attack-phone-flat2,f012.ppm,ok,0.5948,0.5862
attack-phone-flat2,f013.ppm,ok,0.5887,0.6387
attack-phone-flat2,f014.ppm,ok,0.5887,0.6387
attack-phone-flat2,f015.ppm,ok,0.5432,0.6051
attack-phone-flat2,f016.ppm,ok,0.5432,0.6051
attack-phone-flat2,f017.ppm,ok,0.5259,0.6051
attack-phone-flat2,f018.ppm,ok,0.5259,0.6051
attack-phone-flat2,f019.ppm,ok,0.5332,0.6432
attack-phone-flat2,f020.ppm,ok,0.5332,0.6432
attack-phone-flat2,f021.ppm,ok,0.5364,0.6955
attack-phone-flat2,f022.ppm,ok,0.5364,0.6955
attack-phone-flat2,f023.ppm,ok,0.5550,0.7169
attack-phone-flat2,f024.ppm,ok,0.5550,0.7169
attack-phone-flat2,f025.ppm,ok,0.6275,0.6058
attack-phone-flat2,f026.ppm,ok,0.6275,0.6058
attack-phone-flat2,f027.ppm,ok,0.6043,0.6483
attack-phone-flat2,f028.ppm,ok,0.6043,0.6483
attack-phone-flat2,f029.ppm,ok,0.6117,0.6396
attack-phone-flat2,f030.ppm,ok,0.6117,0.6396
attack-phone-flat2,f031.ppm,ok,0.6097,0.6239
attack-phone-flat2,f032.ppm,ok,0.6097,0.6239
attack-phone-flat2,f033.ppm,ok,0.5966,0.6230
attack-phone-flat2,f034.ppm,ok,0.5966,0.6230
attack-phone-flat2,f035.ppm,ok,0.5546,0.6351
attack-phone-flat2,f036.ppm,ok,0.5546,0.6351
attack-phone-flat2,f037.ppm,ok,0.5451,0.6217
attack-phone-flat2,f038.ppm,ok,0.5451,0.6217
attack-phone-flat2,f039.ppm,ok,0.5831,0.6239
attack-phone-flat2,f040.ppm,ok,0.5831,0.6239
attack-phone-flat2,f041.ppm,ok,0.5600,0.6250
attack-phone-flat2,f042.ppm,ok,0.5600,0.6250
attack-phone-flat2,f043.ppm,ok,0.6162,0.5958
attack-phone-flat2,f044.ppm,ok,0.6162,0.5958
attack-phone-flat2,f045.ppm,ok,0.5970,0.6046
attack-phone-flat2,f046.ppm,ok,0.5970,0.6046
attack-phone-flat2,f047.ppm,ok,0.5744,0.6015
attack-phone-flat2,f048.ppm,ok,0.5744,0.6015
attack-phone-varied,f001.ppm,ok,0.4425,0.4436
attack-phone-varied,f002.ppm,ok,0.4198,0.4605
attack-phone-varied,f003.ppm,ok,0.4198,0.4605
attack-phone-varied,f004.ppm,ok,0.4256,0.4620
attack-phone-varied,f005.ppm,ok,0.4256,0.4620
attack-phone-varied,f006.ppm,ok,0.4256,0.4620
attack-phone-varied,f007.ppm,ok,0.4297,0.4574
attack-phone-varied,f008.ppm,ok,0.4380,0.4530
attack-phone-varied,f009.ppm,ok,0.4380,0.4530
attack-phone-varied,f010.ppm,ok,0.4028,0.4341
attack-phone-varied,f011.ppm,ok,0.4028,0.4341
attack-phone-varied,f012.ppm,ok,0.4028,0.4341
attack-phone-varied,f013.ppm,ok,0.5784,0.4760
attack-phone-varied,f014.ppm,ok,0.5784,0.4760
attack-phone-varied,f015.ppm,ok,0.5797,0.4078
attack-phone-varied,f016.ppm,ok,0.5797,0.4078
attack-phone-varied,f017.ppm,ok,0.5362,0.4446
attack-phone-varied,f018.ppm,ok,0.5362,0.4446
attack-phone-varied,f019.ppm,ok,0.6245,0.4358
attack-phone-varied,f020.ppm,ok,0.6245,0.4358
attack-phone-varied,f021.ppm,ok,0.6103,0.4453
attack-phone-varied,f022.ppm,ok,0.6103,0.4453
attack-phone-varied,f023.ppm,ok,0.6825,0.6852
attack-phone-varied,f024.ppm,ok,0.6825,0.6852
attack-phone-varied,f025.ppm,ok,0.6806,0.6583
attack-phone-varied,f026.ppm,ok,0.6806,0.6583
attack-phone-varied,f027.ppm,ok,0.6775,0.6617
attack-phone-varied,f028.ppm,ok,0.6775,0.6617
attack-phone-varied,f029.ppm,ok,0.6937,0.7043
attack-phone-varied,f030.ppm,ok,0.6937,0.7043
attack-phone-varied,f031.ppm,ok,0.6488,0.6566
attack-phone-varied,f032.ppm,ok,0.6488,0.6566
attack-phone-varied,f033.ppm,ok,0.6286,0.7077
attack-phone-varied,f034.ppm,ok,0.6286,0.7077
attack-phone-varied,f035.ppm,ok,0.6722,0.6968
attack-phone-varied,f036.ppm,ok,0.6722,0.6968
attack-phone-varied,f037.ppm,ok,0.6866,0.6706
attack-phone-varied,f038.ppm,ok,0.6866,0.6706
attack-phone-varied,f039.ppm,ok,0.7126,0.6544
attack-phone-varied,f040.ppm,ok,0.7126,0.6544
attack-phone-varied,f041.ppm,ok,0.7377,0.6581
attack-phone-varied,f042.ppm,ok,0.7377,0.6581
attack-phone-varied,f043.ppm,ok,0.7558,0.7023
attack-phone-varied,f044.ppm,ok,0.7558,0.7023
attack-phone-varied,f045.ppm,ok,0.7449,0.7193
attack-phone-varied,f046.ppm,ok,0.7449,0.7193
attack-phone-varied,f047.ppm,ok,0.7025,0.7179
attack-phone-varied,f048.ppm,ok,0.7025,0.7179
attack-phone-varied-flatphase,f001.ppm,ok,0.4425,0.4436
attack-phone-varied-flatphase,f002.ppm,ok,0.4198,0.4605
attack-phone-varied-flatphase,f003.ppm,ok,0.4198,0.4605
attack-phone-varied-flatphase,f004.ppm,ok,0.4256,0.4620
attack-phone-varied-flatphase,f005.ppm,ok,0.4256,0.4620
attack-phone-varied-flatphase,f006.ppm,ok,0.4256,0.4620
attack-phone-varied-flatphase,f007.ppm,ok,0.4297,0.4574
attack-phone-varied-flatphase,f008.ppm,ok,0.4380,0.4530
attack-phone-varied-flatphase,f009.ppm,ok,0.4380,0.4530
attack-phone-varied-flatphase,f010.ppm,ok,0.4028,0.4341
attack-phone-varied-flatphase,f011.ppm,ok,0.4028,0.4341
attack-phone-varied-flatphase,f012.ppm,ok,0.4028,0.4341
attack-phone-varied-flatphase,f013.ppm,ok,0.5784,0.4760
attack-phone-varied-flatphase,f014.ppm,ok,0.5784,0.4760
attack-phone-varied-flatphase,f015.ppm,ok,0.5797,0.4078
attack-phone-varied-flatphase,f016.ppm,ok,0.5797,0.4078
genuine-close,f001.ppm,ok,0.4810,0.5144
genuine-close,f002.ppm,ok,0.4694,0.5015
genuine-close,f003.ppm,ok,0.4694,0.5015
genuine-close,f004.ppm,ok,0.3711,0.4439
genuine-close,f005.ppm,ok,0.3711,0.4439
genuine-close,f006.ppm,ok,0.3711,0.4439
genuine-close,f007.ppm,ok,0.3393,0.4261
genuine-close,f008.ppm,ok,0.3387,0.4255
genuine-close,f009.ppm,ok,0.3387,0.4255
genuine-close,f010.ppm,ok,0.3280,0.4356
genuine-close,f011.ppm,ok,0.3280,0.4356
genuine-close,f012.ppm,ok,0.3280,0.4356
genuine-close,f013.ppm,ok,0.3395,0.4130
genuine-close,f014.ppm,ok,0.3395,0.4130
genuine-close,f015.ppm,ok,0.3537,0.3897
genuine-close,f016.ppm,ok,0.3537,0.3897
genuine-close,f017.ppm,ok,0.3600,0.4165
genuine-close,f018.ppm,ok,0.3600,0.4165
genuine-close,f019.ppm,ok,0.3304,0.3894
genuine-close,f020.ppm,ok,0.3304,0.3894
genuine-close,f021.ppm,ok,0.3294,0.3691
genuine-close,f022.ppm,ok,0.3294,0.3691
genuine-close,f023.ppm,ok,0.3309,0.3666
genuine-close,f024.ppm,ok,0.3309,0.3666
genuine-close,f025.ppm,ok,0.3428,0.3712
genuine-close,f026.ppm,ok,0.3428,0.3712
genuine-close,f027.ppm,ok,0.3450,0.3676
genuine-close,f028.ppm,ok,0.3450,0.3676
genuine-close,f029.ppm,ok,0.3356,0.3654
genuine-close,f030.ppm,ok,0.3356,0.3654
genuine-close,f031.ppm,ok,0.3459,0.3629
genuine-close,f032.ppm,ok,0.3459,0.3629
genuine-close,f033.ppm,ok,0.3349,0.3519
genuine-close,f034.ppm,ok,0.3349,0.3519
genuine-close,f035.ppm,ok,0.3369,0.3623
genuine-close,f036.ppm,ok,0.3369,0.3623
genuine-close,f037.ppm,ok,0.3339,0.3671
genuine-close,f038.ppm,ok,0.3339,0.3671
genuine-close,f039.ppm,ok,0.3503,0.3599
genuine-close,f040.ppm,ok,0.3503,0.3599
genuine-close,f041.ppm,ok,0.3562,0.3599
genuine-close,f042.ppm,ok,0.3562,0.3599
genuine-close,f043.ppm,ok,0.3478,0.3453
genuine-close,f044.ppm,ok,0.3478,0.3453
genuine-close,f045.ppm,ok,0.3218,0.3530
genuine-close,f046.ppm,ok,0.3218,0.3530
genuine-close,f047.ppm,ok,0.3234,0.3399
genuine-close,f048.ppm,ok,0.3234,0.3399
genuine-desk-glasses,genuine-desk-glasses-007.ppm,ok,0.4037,0.3960
genuine-desk-glasses,genuine-desk-glasses-008.ppm,ok,0.3988,0.4049
genuine-desk-glasses,genuine-desk-glasses-009.ppm,ok,0.3988,0.4049
genuine-desk-glasses,genuine-desk-glasses-010.ppm,ok,0.4182,0.4098
genuine-desk-glasses,genuine-desk-glasses-011.ppm,ok,0.4182,0.4098
genuine-desk-glasses,genuine-desk-glasses-012.ppm,ok,0.4182,0.4098
genuine-desk-glasses,genuine-desk-glasses-013.ppm,ok,0.4410,0.3850
genuine-desk-glasses,genuine-desk-glasses-014.ppm,ok,0.4410,0.3850
genuine-desk-glasses,genuine-desk-glasses-015.ppm,ok,0.4454,0.3852
genuine-desk-glasses,genuine-desk-glasses-016.ppm,ok,0.4454,0.3852
genuine-desk-glasses,genuine-desk-glasses-017.ppm,ok,0.4260,0.3780
genuine-desk-glasses,genuine-desk-glasses-018.ppm,ok,0.4260,0.3780
genuine-desk-glasses,genuine-desk-glasses-019.ppm,ok,0.4209,0.3705
genuine-desk-glasses,genuine-desk-glasses-020.ppm,ok,0.4209,0.3705
genuine-desk-glasses,genuine-desk-glasses-021.ppm,ok,0.4328,0.3662
genuine-desk-glasses,genuine-desk-glasses-022.ppm,ok,0.4328,0.3662
genuine-desk-glasses,genuine-desk-glasses-023.ppm,ok,0.4249,0.3770
genuine-desk-glasses,genuine-desk-glasses-024.ppm,ok,0.4249,0.3770
genuine-desk-glasses,genuine-desk-glasses-025.ppm,ok,0.4255,0.3818
genuine-desk-glasses,genuine-desk-glasses-026.ppm,ok,0.4255,0.3818
genuine-desk-glasses,genuine-desk-glasses-027.ppm,ok,0.4076,0.3741
genuine-desk-glasses,genuine-desk-glasses-028.ppm,ok,0.4076,0.3741
genuine-desk-glasses,genuine-desk-glasses-029.ppm,ok,0.4164,0.3717
genuine-desk-glasses,genuine-desk-glasses-030.ppm,ok,0.4164,0.3717
genuine-desk-glasses,genuine-desk-glasses-031.ppm,ok,0.4161,0.3657
genuine-desk-glasses,genuine-desk-glasses-032.ppm,ok,0.4161,0.3657
genuine-desk-glasses,genuine-desk-glasses-033.ppm,ok,0.4449,0.3698
genuine-desk-glasses,genuine-desk-glasses-034.ppm,ok,0.4449,0.3698
genuine-desk-glasses,genuine-desk-glasses-035.ppm,ok,0.4152,0.3686
genuine-desk-glasses,genuine-desk-glasses-036.ppm,ok,0.4152,0.3686
genuine-desk-glasses,genuine-desk-glasses-037.ppm,ok,0.4284,0.3605
genuine-desk-glasses,genuine-desk-glasses-038.ppm,ok,0.4284,0.3605
genuine-desk-glasses,genuine-desk-glasses-039.ppm,ok,0.4358,0.3663
genuine-desk-glasses,genuine-desk-glasses-040.ppm,ok,0.4358,0.3663
genuine-desk-glasses,genuine-desk-glasses-041.ppm,ok,0.4306,0.3557
genuine-desk-glasses,genuine-desk-glasses-042.ppm,ok,0.4306,0.3557
genuine-desk-noglasses,genuine-desk-noglasses-007.ppm,ok,0.4225,0.4196
genuine-desk-noglasses,genuine-desk-noglasses-008.ppm,ok,0.5193,0.4552
genuine-desk-noglasses,genuine-desk-noglasses-009.ppm,ok,0.5193,0.4552
genuine-desk-noglasses,genuine-desk-noglasses-010.ppm,ok,0.4790,0.4469
genuine-desk-noglasses,genuine-desk-noglasses-011.ppm,ok,0.4790,0.4469
genuine-desk-noglasses,genuine-desk-noglasses-012.ppm,ok,0.4790,0.4469
genuine-desk-noglasses,genuine-desk-noglasses-013.ppm,ok,0.4664,0.4798
genuine-desk-noglasses,genuine-desk-noglasses-014.ppm,ok,0.4664,0.4798
genuine-desk-noglasses,genuine-desk-noglasses-015.ppm,ok,0.4949,0.4375
genuine-desk-noglasses,genuine-desk-noglasses-016.ppm,ok,0.4949,0.4375
genuine-desk-noglasses,genuine-desk-noglasses-017.ppm,ok,0.4543,0.4514
genuine-desk-noglasses,genuine-desk-noglasses-018.ppm,ok,0.4543,0.4514
genuine-desk-noglasses,genuine-desk-noglasses-019.ppm,ok,0.4242,0.4677
genuine-desk-noglasses,genuine-desk-noglasses-020.ppm,ok,0.4242,0.4677
genuine-desk-noglasses,genuine-desk-noglasses-021.ppm,ok,0.4463,0.4470
genuine-desk-noglasses,genuine-desk-noglasses-022.ppm,ok,0.4463,0.4470
genuine-desk-noglasses,genuine-desk-noglasses-023.ppm,ok,0.4470,0.4231
genuine-desk-noglasses,genuine-desk-noglasses-024.ppm,ok,0.4470,0.4231
genuine-desk-noglasses,genuine-desk-noglasses-025.ppm,ok,0.5147,0.4544
genuine-desk-noglasses,genuine-desk-noglasses-026.ppm,ok,0.5147,0.4544
genuine-desk-noglasses,genuine-desk-noglasses-027.ppm,ok,0.5365,0.4561
genuine-desk-noglasses,genuine-desk-noglasses-028.ppm,ok,0.5365,0.4561
genuine-desk-noglasses,genuine-desk-noglasses-029.ppm,ok,0.5136,0.4481
genuine-desk-noglasses,genuine-desk-noglasses-030.ppm,ok,0.5136,0.4481
genuine-desk-noglasses,genuine-desk-noglasses-031.ppm,ok,0.5165,0.4344
genuine-desk-noglasses,genuine-desk-noglasses-032.ppm,ok,0.5165,0.4344
genuine-desk-noglasses,genuine-desk-noglasses-033.ppm,ok,0.5191,0.4459
genuine-desk-noglasses,genuine-desk-noglasses-034.ppm,ok,0.5191,0.4459
genuine-desk-noglasses,genuine-desk-noglasses-035.ppm,ok,0.4939,0.4362
genuine-desk-noglasses,genuine-desk-noglasses-036.ppm,ok,0.4939,0.4362
genuine-desk-noglasses,genuine-desk-noglasses-037.ppm,ok,0.4931,0.4261
genuine-desk-noglasses,genuine-desk-noglasses-038.ppm,ok,0.4931,0.4261
genuine-desk-noglasses,genuine-desk-noglasses-039.ppm,ok,0.5073,0.4313
genuine-desk-noglasses,genuine-desk-noglasses-040.ppm,ok,0.5073,0.4313
genuine-desk-noglasses,genuine-desk-noglasses-041.ppm,ok,0.5161,0.4245
genuine-desk-noglasses,genuine-desk-noglasses-042.ppm,ok,0.5161,0.4245
genuine-dim-marginal,f001.ppm,no-detect,,
genuine-dim-marginal,f002.ppm,no-detect,,
genuine-dim-marginal,f003.ppm,no-detect,,
genuine-dim-marginal,f004.ppm,no-detect,,
genuine-dim-marginal,f005.ppm,no-detect,,
genuine-dim-marginal,f006.ppm,no-detect,,
genuine-dim-marginal,f007.ppm,no-detect,,
genuine-dim-marginal,f008.ppm,no-detect,,
genuine-dim-marginal,f009.ppm,no-detect,,
genuine-dim-marginal,f010.ppm,ok,0.3635,0.4681
genuine-dim-marginal,f011.ppm,ok,0.3635,0.4681
genuine-dim-marginal,f012.ppm,ok,0.3635,0.4681
genuine-dim-marginal,f013.ppm,ok,0.4193,0.4655
genuine-dim-marginal,f014.ppm,ok,0.4193,0.4655
genuine-dim-marginal,f015.ppm,ok,0.3862,0.4684
genuine-dim-marginal,f016.ppm,ok,0.3862,0.4684
genuine-dim-marginal,f017.ppm,ok,0.4083,0.4646
genuine-dim-marginal,f018.ppm,ok,0.4083,0.4646
genuine-dim-marginal,f019.ppm,ok,0.3803,0.4505
genuine-dim-marginal,f020.ppm,ok,0.3803,0.4505
genuine-dim-marginal,f021.ppm,ok,0.4002,0.4789
genuine-dim-marginal,f022.ppm,ok,0.4002,0.4789
genuine-dim-marginal,f023.ppm,ok,0.4487,0.4751
genuine-dim-marginal,f024.ppm,ok,0.4487,0.4751
genuine-dim-marginal,f025.ppm,ok,0.4253,0.4924
genuine-dim-marginal,f026.ppm,ok,0.4253,0.4924
genuine-dim-marginal,f027.ppm,ok,0.3798,0.4330
genuine-dim-marginal,f028.ppm,ok,0.3798,0.4330
genuine-dim-marginal,f029.ppm,ok,0.3887,0.4638
genuine-dim-marginal,f030.ppm,ok,0.3887,0.4638
genuine-dim-marginal,f031.ppm,ok,0.3946,0.4683
genuine-dim-marginal,f032.ppm,ok,0.3946,0.4683
genuine-dim-marginal,f033.ppm,ok,0.3706,0.4577
genuine-dim-marginal,f034.ppm,ok,0.3706,0.4577
genuine-dim-marginal,f035.ppm,ok,0.4107,0.4736
genuine-dim-marginal,f036.ppm,ok,0.4107,0.4736
genuine-dim-marginal,f037.ppm,ok,0.4427,0.4519
genuine-dim-marginal,f038.ppm,ok,0.4427,0.4519
genuine-dim-marginal,f039.ppm,ok,0.3650,0.4597
genuine-dim-marginal,f040.ppm,ok,0.3650,0.4597
genuine-dim-marginal,f041.ppm,ok,0.4312,0.4157
genuine-dim-marginal,f042.ppm,ok,0.4312,0.4157
genuine-dim-marginal,f043.ppm,ok,0.3738,0.4614
genuine-dim-marginal,f044.ppm,ok,0.3738,0.4614
genuine-dim-marginal,f045.ppm,ok,0.3896,0.4749
genuine-dim-marginal,f046.ppm,ok,0.3896,0.4749
genuine-dim-marginal,f047.ppm,ok,0.4163,0.4421
genuine-dim-marginal,f048.ppm,ok,0.4163,0.4421
